{
  "J_star": {
    "Case1": 68.13786077216932,
    "Case2": 104.01975936103618,
    "Case3": 73.86692349587186,
    "Case4": 113.95397668426297,
    "Case5": 131.51670811045906,
    "Case6": 130.72675851692478
  },
  "complexity": {
    "Case1": {
      "n_terms": 72,
      "max_order": 2,
      "n_highorder": 0,
      "J_star": 68.13786077216932,
      "linear_gap%": 13.12,
      "n_local_opt": 2,
      "trap_rate%": 40.0,
      "case": "Case1",
      "complexity_idx": 24.7
    },
    "Case2": {
      "n_terms": 88,
      "max_order": 2,
      "n_highorder": 0,
      "J_star": 104.01975936103618,
      "linear_gap%": 14.98,
      "n_local_opt": 1,
      "trap_rate%": 0.0,
      "case": "Case2",
      "complexity_idx": 18.3
    },
    "Case3": {
      "n_terms": 128,
      "max_order": 3,
      "n_highorder": 4,
      "J_star": 73.86692349587186,
      "linear_gap%": 11.96,
      "n_local_opt": 6,
      "trap_rate%": 46.7,
      "case": "Case3",
      "complexity_idx": 53.8
    },
    "Case4": {
      "n_terms": 168,
      "max_order": 3,
      "n_highorder": 8,
      "J_star": 113.95397668426297,
      "linear_gap%": 11.54,
      "n_local_opt": 2,
      "trap_rate%": 75.0,
      "case": "Case4",
      "complexity_idx": 52.8
    },
    "Case5": {
      "n_terms": 208,
      "max_order": 3,
      "n_highorder": 12,
      "J_star": 131.51670811045906,
      "linear_gap%": 7.63,
      "n_local_opt": 3,
      "trap_rate%": 16.7,
      "case": "Case5",
      "complexity_idx": 41.2
    },
    "Case6": {
      "n_terms": 232,
      "max_order": 4,
      "n_highorder": 24,
      "J_star": 130.72675851692478,
      "linear_gap%": 8.87,
      "n_local_opt": 1,
      "trap_rate%": 0.0,
      "case": "Case6",
      "complexity_idx": 52.8
    }
  }
}