{
  "meta": {
    "db_level": 2,
    "seed": 44,
    "n_rows": 2000,
    "difficulty_params": {
      "n_strong": 5,
      "n_weak": 13,
      "n_inter2": 3,
      "n_quad": 1,
      "n_inter3": 0,
      "n_inter4": 0,
      "noise_mult": 1.8,
      "cat_scale": 2.7,
      "outlier_frac": 0.0
    },
    "x_columns": {
      "binary": [
        "xb01",
        "xb02",
        "xb03",
        "xb04",
        "xb05",
        "xb06",
        "xb07",
        "xb08",
        "xb09",
        "xb10",
        "xb11",
        "xb12",
        "xb13",
        "xb14",
        "xb15",
        "xb16",
        "xb17",
        "xb18",
        "xb19",
        "xb20",
        "xb21",
        "xb22",
        "xb23",
        "xb24",
        "xb25",
        "xb26",
        "xb27",
        "xb28",
        "xb29",
        "xb30",
        "xb31",
        "xb32"
      ],
      "ordinal": {
        "xo1": 12,
        "xo2": 5,
        "xo3": 14,
        "xo4": 7
      },
      "categorical": {
        "xc1": [
          "A",
          "B",
          "C",
          "D"
        ],
        "xc2": [
          "A",
          "B",
          "C",
          "D"
        ],
        "xc3": [
          "A",
          "B",
          "C",
          "D"
        ],
        "xc4": [
          "A",
          "B",
          "C",
          "D"
        ]
      }
    },
    "y_columns": [
      "y11",
      "y12",
      "y21",
      "y22"
    ]
  },
  "responses": {
    "y11": {
      "intercept": -0.03745574312910138,
      "strong": {
        "xb15": 3.8673656991704877,
        "xb22": 5.501256388527978,
        "xb31": 5.481386200146661,
        "xb12": -3.8896788026287488,
        "xb01": 3.5674826561937474
      },
      "weak": {
        "xb13": 0.22766594907584073,
        "xb30": 0.23349566755745796,
        "xb19": -0.5327184423079007,
        "xb21": -0.5638628577399817,
        "xb02": -0.14201605333813908,
        "xb26": -0.2014538835222978,
        "xb04": -0.5359972654073746,
        "xb29": -0.32819374992929384,
        "xo2": 0.13171072634852185,
        "xo4": 0.45196534981388825,
        "xb08": 0.5444055157169612,
        "xo1": -0.2165855033675201,
        "xb03": 0.14709825190732176
      },
      "interactions": [
        {
          "vars": [
            "xb26",
            "xb01"
          ],
          "coef": 2.5174821825381466,
          "kind": "2way"
        },
        {
          "vars": [
            "xb28",
            "xb26"
          ],
          "coef": 1.9532402687362465,
          "kind": "2way"
        },
        {
          "vars": [
            "xb12",
            "xb26"
          ],
          "coef": -2.0373669190906676,
          "kind": "2way"
        },
        {
          "vars": [
            "xb04",
            "xb04"
          ],
          "coef": 2.7996132873382598,
          "kind": "quad"
        }
      ],
      "categorical": {
        "xc1": {
          "A": 4.458604067416037,
          "B": -4.072386171834261,
          "C": 1.5399949315808656,
          "D": -1.9262128271626413
        },
        "xc2": {
          "A": -0.8250688157271934,
          "B": 1.460506545125345,
          "C": -2.0585927817837417,
          "D": 1.4231550523855905
        },
        "xc3": {
          "A": -0.15180823177001868,
          "B": 3.026048977948502,
          "C": -0.12118923329193776,
          "D": -2.753051512886546
        },
        "xc4": {
          "A": 3.3199854202735524,
          "B": 1.3263391236553375,
          "C": -0.6730872678555958,
          "D": -3.9732372760732932
        }
      },
      "noise_sd": 2.7
    },
    "y12": {
      "intercept": -0.2188921405892983,
      "strong": {
        "xb20": -4.0121771584607195,
        "xb09": 4.5064306455023555,
        "xb32": 3.047779476850324,
        "xb23": -3.365799601182146,
        "xb27": -5.794459780328088
      },
      "weak": {
        "xb15": -0.4326974076211756,
        "xb30": -0.43813911937223204,
        "xb11": -0.3907375212798666,
        "xb13": 0.2428524461836816,
        "xb10": -0.12123373405735274,
        "xb31": -0.4332949774299909,
        "xb21": 0.180643513231405,
        "xb17": 0.2834889618854183,
        "xb16": 0.5546971413772703,
        "xb04": -0.3912015750898994,
        "xb02": 0.31451119288191554,
        "xb07": -0.27115756960272364,
        "xb26": 0.449052510232395
      },
      "interactions": [
        {
          "vars": [
            "xb27",
            "xb11"
          ],
          "coef": -2.704875757374046,
          "kind": "2way"
        },
        {
          "vars": [
            "xb05",
            "xb21"
          ],
          "coef": -2.6563394139156546,
          "kind": "2way"
        },
        {
          "vars": [
            "xb28",
            "xb04"
          ],
          "coef": 3.157435246975621,
          "kind": "2way"
        },
        {
          "vars": [
            "xb04",
            "xb04"
          ],
          "coef": 2.8819394722773835,
          "kind": "quad"
        }
      ],
      "categorical": {
        "xc1": {
          "A": -2.062719532104066,
          "B": 3.564320431802937,
          "C": -0.09812307597694242,
          "D": -1.4034778237219288
        },
        "xc2": {
          "A": -3.050426841884292,
          "B": 5.23335929098506,
          "C": 3.3216979646715012,
          "D": -5.50463041377227
        },
        "xc3": {
          "A": 1.14147187146086,
          "B": 1.2591019029671708,
          "C": -1.4499591400753153,
          "D": -0.950614634352716
        },
        "xc4": {
          "A": 1.5928194526380575,
          "B": -2.3023142135552384,
          "C": 0.7532499302615052,
          "D": -0.04375516934432444
        }
      },
      "noise_sd": 3.6
    },
    "y21": {
      "intercept": -0.7163549297554672,
      "strong": {
        "xb29": 4.602574219643362,
        "xb16": 5.208354573712773,
        "xo2": 4.8815751894280055,
        "xb06": 4.724463593895441,
        "xb18": 3.7667837005737743
      },
      "weak": {
        "xb12": -0.4743369796186865,
        "xb22": 0.14053121567065788,
        "xb15": 0.30377228445034565,
        "xb21": -0.12262424603672109,
        "xb14": -0.30848225746596847,
        "xb25": 0.29319204350074324,
        "xb19": 0.49153822910306244,
        "xb23": -0.4487598022848712,
        "xb13": -0.573366556631755,
        "xb01": 0.5080209877485157,
        "xb04": -0.23955274616058161,
        "xo4": -0.43564501207053774,
        "xb30": 0.12326357309537025
      },
      "interactions": [
        {
          "vars": [
            "xb06",
            "xb16"
          ],
          "coef": 1.7399906950060262,
          "kind": "2way"
        },
        {
          "vars": [
            "xb29",
            "xb06"
          ],
          "coef": 1.5865453722293774,
          "kind": "2way"
        },
        {
          "vars": [
            "xb06",
            "xb16"
          ],
          "coef": 1.91780407062772,
          "kind": "2way"
        },
        {
          "vars": [
            "xb31",
            "xb31"
          ],
          "coef": -2.58741661581978,
          "kind": "quad"
        }
      ],
      "categorical": {
        "xc1": {
          "A": 0.0,
          "B": 0.0,
          "C": 0.0,
          "D": 0.0
        },
        "xc2": {
          "A": 0.0,
          "B": 0.0,
          "C": 0.0,
          "D": 0.0
        },
        "xc3": {
          "A": 0.0,
          "B": 0.0,
          "C": 0.0,
          "D": 0.0
        },
        "xc4": {
          "A": 0.0,
          "B": 0.0,
          "C": 0.0,
          "D": 0.0
        }
      },
      "noise_sd": 4.5
    },
    "y22": {
      "intercept": 1.4939434528538644,
      "strong": {
        "xb26": 4.433722319799823,
        "xb12": 5.481069038093089,
        "xb25": -4.887342938830771,
        "xb18": 4.714888137390643,
        "xb10": 4.259127084243723
      },
      "weak": {
        "xb15": -0.40843029109176177,
        "xb23": 0.32567753467499383,