{
  "meta": {
    "seed": 202,
    "objective_noise_sd": 0.1755,
    "noise_frac_of_main_effect": 0.04,
    "main_effect_ref": 4.3886,
    "x_columns": {
      "binary": [
        "xb01",
        "xb02",
        "xb03",
        "xb04",
        "xb05",
        "xb06",
        "xb07",
        "xb08",
        "xb09",
        "xb10",
        "xb11",
        "xb12",
        "xb13",
        "xb14",
        "xb15",
        "xb16",
        "xb17",
        "xb18",
        "xb19",
        "xb20",
        "xb21",
        "xb22",
        "xb23",
        "xb24",
        "xb25",
        "xb26",
        "xb27",
        "xb28",
        "xb29",
        "xb30",
        "xb31",
        "xb32",
        "xb33",
        "xb34",
        "xb35",
        "xb36",
        "xb37",
        "xb38",
        "xb39",
        "xb40"
      ],
      "ordinal": {
        "xo1": 6,
        "xo2": 8,
        "xo3": 9,
        "xo4": 9,
        "xo5": 7
      },
      "categorical": {
        "xc1": [
          "A",
          "B",
          "C",
          "D"
        ],
        "xc2": [
          "A",
          "B",
          "C",
          "D"
        ],
        "xc3": [
          "A",
          "B",
          "C",
          "D"
        ],
        "xc4": [
          "A",
          "B",
          "C",
          "D"
        ],
        "xc5": [
          "A",
          "B",
          "C",
          "D"
        ]
      }
    },
    "y_columns": [
      "y11",
      "y12",
      "y13",
      "y21",
      "y22",
      "y23"
    ]
  },
  "responses": {
    "y11": {
      "intercept": -1.2868779229871516,
      "strong": {
        "xb36": 5.743508309770827,
        "xb11": -3.9462133598430054,
        "xb20": -4.57422583782248,
        "xb26": 4.046750138683855,
        "xb14": -4.45759900038925
      },
      "weak": {
        "xo2": -0.2901483791655326,
        "xb39": 0.30128669823839027,
        "xb24": -0.5720322551651509,
        "xo4": 0.1862328314705259,
        "xb01": -0.5922401963450742,
        "xb19": -0.3779936218073747,
        "xb22": 0.3941043709768287,
        "xb37": 0.16111666822406304,
        "xb17": -0.12158128340534194,
        "xb38": 0.10051481089705269,
        "xb05": -0.3516799239900752,
        "xb29": -0.14460594797778623
      },
      "interactions": [
        {
          "vars": [
            "xb14",
            "xb04"
          ],
          "coef": 2.7798499892126722,
          "kind": "2way"
        },
        {
          "vars": [
            "xb14",
            "xb26"
          ],
          "coef": -1.8936869788042192,
          "kind": "2way"
        },
        {
          "vars": [
            "xo2",
            "xb20"
          ],
          "coef": -3.1772200362512892,
          "kind": "2way"
        },
        {
          "vars": [
            "xb30",
            "xo5"
          ],
          "coef": -1.9412775841378327,
          "kind": "2way"
        },
        {
          "vars": [
            "xo5",
            "xo5"
          ],
          "coef": -1.7906947118034362,
          "kind": "quad"
        },
        {
          "vars": [
            "xb11",
            "xb36",
            "xb24"
          ],
          "coef": 2.3282956890798356,
          "kind": "3way"
        }
      ],
      "categorical": {
        "xc1": {
          "A": -3.899331038920657,
          "B": 0.6432028786419985,
          "C": 3.964200564363097,
          "D": -0.7080724040844393
        },
        "xc2": {
          "A": 0.5945111922939332,
          "B": 0.43347213900055337,
          "C": -1.0453647175319578,
          "D": 0.017381386237470986
        },
        "xc3": {
          "A": -2.648133923979452,
          "B": -0.20359139676550897,
          "C": 3.3962970873041343,
          "D": -0.5445717665591729
        },
        "xc4": {
          "A": -3.1634227917400612,
          "B": 3.251840617523417,
          "C": -3.8111390945833747,
          "D": 3.7227212688000195
        },
        "xc5": {
          "A": -0.4417120500664957,
          "B": 0.8654913544558476,
          "C": 0.20497767765596941,
          "D": -0.6287569820453215
        }
      }
    },
    "y12": {
      "intercept": -0.38509322124823653,
      "strong": {
        "xb36": -4.487103157890304,
        "xb11": -3.3163368039942958,
        "xb15": -5.284808853589981,
        "xb24": 4.357530805069668,
        "xb06": 5.436343664592616
      },
      "weak": {
        "xb19": 0.37797858300689124,
        "xb17": 0.22678054984811633,
        "xb05": -0.5270369673431587,
        "xb20": 0.5181223527473593,
        "xb30": 0.593328522102837,
        "xb14": -0.3233889356084093,
        "xb39": 0.2408338798729123,
        "xb38": -0.5688289870403782,
        "xb04": -0.3032157527741035,
        "xo4": -0.1654633051958678,
        "xb26": 0.4228147441277246,
        "xb35": -0.3347804964019636
      },
      "interactions": [
        {
          "vars": [
            "xb19",
            "xb06"
          ],
          "coef": 1.8821342925678577,
          "kind": "2way"
        },
        {
          "vars": [
            "xb14",
            "xb06"
          ],
          "coef": 3.10668784893607,
          "kind": "2way"
        },
        {
          "vars": [
            "xb03",
            "xo2"
          ],
          "coef": 3.465070518644171,
          "kind": "2way"
        },
        {
          "vars": [
            "xb24",
            "xb15"
          ],
          "coef": 2.0796453533386146,
          "kind": "2way"
        },
        {
          "vars": [
            "xb27",
            "xb27"
          ],
          "coef": 1.9553311170651,
          "kind": "quad"
        },
        {
          "vars": [
            "xb19",
            "xb15",
            "xb14"
          ],
          "coef": 2.3204836847499477,
          "kind": "3way"
        }
      ],
      "categorical": {
        "xc1": {
          "A": 0.4481474083598732,
          "B": 3.1632758741894538,
          "C": 0.8066309887106187,
          "D": -4.418054271259946
        },
        "xc2": {
          "A": 0.6696080522283049,
          "B": -4.145207013988239,
          "C": 2.3478417960669935,
          "D": 1.127757165692941
        },
        "xc3": {
          "A": 0.9701933522064495,
          "B": 1.9927397185483402,
          "C": -2.9937087033827927,
          "D": 0.030775632628003313
        },
        "xc4": {
          "A": -1.1526485795643642,
          "B": 0.5747467888588056,
          "C": -0.195309976025625,
          "D": 0.7732117667311835
        },
        "xc5": {
          "A": 1.3558024256727985,
          "B": -2.6754143046517394,
          "C": -2.2815261680674785,
          "D": 3.601138047046418
        }
      }
    },
    "y13": {
      "intercept": 0.811451570909278,
      "strong": {
        "xb36": -3.348415679564555,
        "xb11": 3.5760627413994674,
        "xb07": 3.632614387055956,
        "xb30": 4.994007862720417,
        "xb10": 3.629222613766837
      },
      "weak": {
        "xb27": 0.5013798998691457,
        "xb26": 0.33894631268503095,
        "xb39": 0.4801056616285386,
        "xb34": -0.34392715558196496,
        "xb06": -0.5587973989370084,
        "xo4": -0.5620848718910145,
        "xb33": 0.30933915937711254,
        "xb02": 0.19968573229309713,
        "xb17": 0.37719945332119786,
        "xo1": 0.11680034408435766,
        "xb01": 0.1450684451555103,
        "xb37": 0.24614610561606845
      },
      "interactions": [
        {
          "vars": [
            "xb19",
            "xo3"
          ],
          "coef": -1.6558118929561416,
          "kind": "2way"
        },
        {
          "vars": [
            "xo3",
            "xb22"
          ],
          "coef": 2.0814784349116646,
          "kind": "2way"
        },
        {
          "vars": [
            "xb11",
            "xo3"
          ],
          "coef": -2.6701014911253296,
          "kind": "2way"
        },
        {
          "vars": [
            "xb30",
            "xo3"
          ],