{
  "meta": {
    "db_level": 4,
    "seed": 46,
    "n_rows": 2000,
    "difficulty_params": {
      "n_strong": 7,
      "n_weak": 23,
      "n_inter2": 7,
      "n_quad": 3,
      "n_inter3": 2,
      "n_inter4": 0,
      "noise_mult": 3.4000000000000004,
      "cat_scale": 4.1,
      "outlier_frac": 0.04
    },
    "x_columns": {
      "binary": [
        "xb01",
        "xb02",
        "xb03",
        "xb04",
        "xb05",
        "xb06",
        "xb07",
        "xb08",
        "xb09",
        "xb10",
        "xb11",
        "xb12",
        "xb13",
        "xb14",
        "xb15",
        "xb16",
        "xb17",
        "xb18",
        "xb19",
        "xb20",
        "xb21",
        "xb22",
        "xb23",
        "xb24",
        "xb25",
        "xb26",
        "xb27",
        "xb28",
        "xb29",
        "xb30",
        "xb31",
        "xb32"
      ],
      "ordinal": {
        "xo1": 10,
        "xo2": 15,
        "xo3": 6,
        "xo4": 5
      },
      "categorical": {
        "xc1": [
          "A",
          "B",
          "C",
          "D"
        ],
        "xc2": [
          "A",
          "B",
          "C",
          "D"
        ],
        "xc3": [
          "A",
          "B",
          "C",
          "D"
        ],
        "xc4": [
          "A",
          "B",
          "C",
          "D"
        ]
      }
    },
    "y_columns": [
      "y11",
      "y12",
      "y21",
      "y22"
    ]
  },
  "responses": {
    "y11": {
      "intercept": 1.4564449403004085,
      "strong": {
        "xb19": -3.152189343105563,
        "xo4": 5.52639515311688,
        "xb28": 3.0752749984800696,
        "xb21": -5.2695201511184155,
        "xb29": -5.45554293766021,
        "xb15": -4.635582743685164,
        "xb25": 4.652872477239493
      },
      "weak": {
        "xb07": -0.1469151249707681,
        "xb11": -0.3021818994651735,
        "xb17": -0.3945592156453853,
        "xb06": 0.5130330663033142,
        "xb05": -0.34546439539398566,
        "xb18": -0.5858183251345329,
        "xb10": 0.21104861887679074,
        "xo1": 0.41562248411334857,
        "xb26": -0.5401132499341443,
        "xb01": -0.46068737750484945,
        "xb09": 0.21879935277417248,
        "xb32": -0.17028108653905447,
        "xb12": 0.1756251298255709,
        "xb31": 0.46400969843264683,
        "xb23": 0.44223948044087735,
        "xb02": 0.3824495531514567,
        "xb22": -0.4027811128770421,
        "xb20": 0.5007816547434302,
        "xb14": 0.5914845427031333,
        "xo3": 0.4453118928528248,
        "xb04": -0.5437356631772633,
        "xb03": 0.14224961851145587,
        "xb08": 0.5983135579068196
      },
      "interactions": [
        {
          "vars": [
            "xb15",
            "xb21"
          ],
          "coef": -3.476744298387419,
          "kind": "2way"
        },
        {
          "vars": [
            "xb15",
            "xb30"
          ],
          "coef": -2.2312682098692718,
          "kind": "2way"
        },
        {
          "vars": [
            "xb31",
            "xb15"
          ],
          "coef": 2.8970014138725952,
          "kind": "2way"
        },
        {
          "vars": [
            "xb32",
            "xb02"
          ],
          "coef": -1.6669238378670053,
          "kind": "2way"
        },
        {
          "vars": [
            "xb29",
            "xb25"
          ],
          "coef": 3.4160166071394746,
          "kind": "2way"
        },
        {
          "vars": [
            "xb15",
            "xb19"
          ],
          "coef": 3.2471124501186486,
          "kind": "2way"
        },
        {
          "vars": [
            "xb31",
            "xb02"
          ],
          "coef": 2.636359943164235,
          "kind": "2way"
        },
        {
          "vars": [
            "xb18",
            "xb18"
          ],
          "coef": 1.8380145956686873,
          "kind": "quad"
        },
        {
          "vars": [
            "xb29",
            "xb29"
          ],
          "coef": 1.7166209454301442,
          "kind": "quad"
        },
        {
          "vars": [
            "xb32",
            "xb32"
          ],
          "coef": -2.0082742993807057,
          "kind": "quad"
        },
        {
          "vars": [
            "xb31",
            "xb29",
            "xb30"
          ],
          "coef": 2.941466730065292,
          "kind": "3way"
        },
        {
          "vars": [
            "xb25",
            "xo4",
            "xb18"
          ],
          "coef": 1.1636238443252709,
          "kind": "3way"
        }
      ],
      "categorical": {
        "xc1": {
          "A": 1.2483689415729544,
          "B": -3.9265414826166114,
          "C": 2.5698248260528143,
          "D": 0.10834771499084278
        },
        "xc2": {
          "A": -0.6144696069867915,
          "B": 0.974117452281848,
          "C": -1.7400396857005056,
          "D": 1.3803918404054492
        },
        "xc3": {
          "A": -0.3317974257364731,
          "B": 0.25867249038763296,
          "C": 5.4818964837479704,
          "D": -5.40877154839913
        },
        "xc4": {
          "A": 4.927725458777788,
          "B": -0.9131634960464607,
          "C": -2.965863659812694,
          "D": -1.0486983029186328
        }
      },
      "noise_sd": 5.1000000000000005
    },
    "y12": {
      "intercept": -0.9317875674408902,
      "strong": {
        "xo3": 4.31233965916076,
        "xb25": -5.936196428504524,
        "xo4": -4.1536515067629285,
        "xb15": 5.2306041332736655,
        "xb02": 3.8604843425259214,
        "xb27": -4.999328448627302,
        "xb06": 4.976804125233914
      },
      "weak": {
        "xb29": 0.33611160256369155,
        "xb18": 0.38037137688810596,
        "xb16": 0.5342972575999323,
        "xb10": -0.48604812374152595,
        "xb14": 0.48086583008648454,
        "xb08": 0.1418234793403961,
        "xb21": -0.37370799647880404,
        "xb20": -0.5385195172882692,
        "xb03": 0.3008350257842073,
        "xb07": 0.2401605021997427,
        "xb12": -0.14147351769968977,
        "xb31": -0.32276439439073323,
        "xb04": 0.5441875652306987,
        "xb22": 0.15834557361764054,
        "xb26": 0.2115390923900163,
        "xb23": 0.42889689749606585,
        "xb05": -0.24464734074621228,
        "xo1": -0.43332636883207887,
        "xb01": -0.568305762314969,
        "xb13": -0.3104834831465606,
        "xo2": -0.11446652205094818,
        "xb19": 0.3977109878947732,
        "xb32": -0.4738582153683294
      },
      "interactions": [
        {
          "vars": [
            "xb27",
            "xb02"
          ],
          "coef": 2.3425913096352695,
          "kind": "2way"
        },
        {
          "vars": [
            "xb13",
            "xb15"
          ],
          "coef": -1.9758312018992459,
          "kind": "2way"
        },
        {
          "vars": [
            "xb25",
            "xo4"
          ],
          "coef": 2.2286407111276096,
          "kind": "2way"
        },
        {
          "vars": [
            "xb26",
            "xo4"
          ],
          "coef": 2.3883360041761064,
          "kind": "2way"
        },
        {
          "vars": [
            "xb15",
            "xb26"
          ],
          "coef": 2.534073887051136,
          "kind": "2way"
        },
        {
          "vars": [
            "xb31",
            "xb29"
          ],
          "coef": -2.54280194154991,
          "kind": "2way"
        },
        {
          "vars": [
            "xb02",
            "xb15"
          ],
          "coef": -2.4061560493871994,
          "kind": "2way"
        },
        {
          "vars": [
            "xb25",
            "xb25"
          ],
          "coef": 2.7650683431363765,
          "kind": "quad"
        },
        {
          "vars": [
            "xb13",
            "xb13"
          ],
          "coef": -2.929861593898033,