{
  "meta": {
    "db_level": 3,
    "seed": 45,
    "n_rows": 2000,
    "difficulty_params": {
      "n_strong": 6,
      "n_weak": 18,
      "n_inter2": 5,
      "n_quad": 2,
      "n_inter3": 1,
      "noise_mult": 2.6,
      "cat_scale": 3.4,
      "outlier_frac": 0.0
    },
    "x_columns": {
      "binary": [
        "xb01",
        "xb02",
        "xb03",
        "xb04",
        "xb05",
        "xb06",
        "xb07",
        "xb08",
        "xb09",
        "xb10",
        "xb11",
        "xb12",
        "xb13",
        "xb14",
        "xb15",
        "xb16",
        "xb17",
        "xb18",
        "xb19",
        "xb20",
        "xb21",
        "xb22",
        "xb23",
        "xb24",
        "xb25",
        "xb26",
        "xb27",
        "xb28",
        "xb29",
        "xb30",
        "xb31",
        "xb32"
      ],
      "ordinal": {
        "xo1": 16,
        "xo2": 11,
        "xo3": 13,
        "xo4": 10
      },
      "categorical": {
        "xc1": [
          "A",
          "B",
          "C",
          "D"
        ],
        "xc2": [
          "A",
          "B",
          "C",
          "D"
        ],
        "xc3": [
          "A",
          "B",
          "C",
          "D"
        ],
        "xc4": [
          "A",
          "B",
          "C",
          "D"
        ]
      }
    },
    "y_columns": [
      "y11",
      "y12",
      "y21",
      "y22"
    ]
  },
  "responses": {
    "y11": {
      "intercept": 1.4117738559101518,
      "strong": {
        "xb22": 3.474517766362704,
        "xb16": -3.3233952602670596,
        "xb04": 5.321340829072358,
        "xb29": 3.9084650303172,
        "xb13": -3.8517623301801427,
        "xb25": 3.2973305011454377
      },
      "weak": {
        "xb19": 0.21779290842046997,
        "xb24": -0.26250341054464965,
        "xb15": -0.444989450441715,
        "xo3": -0.4930291812334405,
        "xb12": 0.11387300870398873,
        "xb08": 0.38020544335102335,
        "xb31": -0.1624481525521629,
        "xb18": -0.4895329043141128,
        "xb27": 0.25352081995561404,
        "xb17": -0.31952829222626256,
        "xb10": 0.34972138596450153,
        "xo4": -0.15722086478001732,
        "xb26": 0.28559609447497447,
        "xo2": -0.19482909587671646,
        "xb02": 0.15360953551405163,
        "xb32": -0.5590976507406827,
        "xb30": -0.2932801844013928,
        "xb03": 0.1874496985710857
      },
      "interactions": [
        {
          "vars": [
            "xb01",
            "xb29"
          ],
          "coef": -1.737147253337989,
          "kind": "2way"
        },
        {
          "vars": [
            "xb25",
            "xb07"
          ],
          "coef": -2.8083925558019294,
          "kind": "2way"
        },
        {
          "vars": [
            "xb07",
            "xb01"
          ],
          "coef": 2.2533227535089226,
          "kind": "2way"
        },
        {
          "vars": [
            "xb22",
            "xb04"
          ],
          "coef": 1.9410814365811209,
          "kind": "2way"
        },
        {
          "vars": [
            "xo2",
            "xb04"
          ],
          "coef": -3.111364344519565,
          "kind": "2way"
        },
        {
          "vars": [
            "xb24",
            "xb24"
          ],
          "coef": -1.8504335183281744,
          "kind": "quad"
        },
        {
          "vars": [
            "xo4",
            "xo4"
          ],
          "coef": 2.704691838096844,
          "kind": "quad"
        },
        {
          "vars": [
            "xb29",
            "xb16",
            "xb04"
          ],
          "coef": 2.635457071720902,
          "kind": "3way"
        }
      ],
      "categorical": {
        "xc1": {
          "A": -3.5948827645088293,
          "B": -0.5612872447570725,
          "C": 1.398634198436976,
          "D": 2.7575358108289256
        },
        "xc2": {
          "A": 1.0148940682300116,
          "B": -0.5562170266504982,
          "C": -2.318309347158558,
          "D": 1.8596323055790447
        },
        "xc3": {
          "A": 2.315257467235093,
          "B": -2.95736084181151,
          "C": 0.12657385934104903,
          "D": 0.5155295152353667
        },
        "xc4": {
          "A": 0.1858871970545528,
          "B": 3.7917879093852784,
          "C": -6.842927331434017,
          "D": 2.8652522249941854
        }
      },
      "noise_sd": 3.9000000000000004
    },
    "y12": {
      "intercept": -1.4987846656036954,
      "strong": {
        "xo3": 3.092613156384935,
        "xo1": 3.684404350848689,
        "xb03": -5.345496761185915,
        "xb22": 5.9497326720409145,
        "xb15": -4.535568346132004,
        "xb30": -5.103945239172862
      },
      "weak": {
        "xb10": 0.5026698247356631,
        "xb18": -0.2973425917321436,
        "xb07": 0.2806730652682419,
        "xb20": 0.5115046287354329,
        "xb29": 0.1636457368929963,
        "xb04": -0.32688514996260665,
        "xb17": -0.32365913606961416,
        "xb08": 0.317895926828747,
        "xb11": 0.16167914933321528,
        "xb14": -0.18669297002160648,
        "xb23": -0.5317897400122555,
        "xb02": -0.533677930338799,
        "xb26": 0.3311340335707167,
        "xb31": -0.1999852952565702,
        "xb32": -0.35992442950404735,
        "xb01": 0.46478143055683585,
        "xb28": 0.38531559640048174,
        "xb24": -0.2184420247264853
      },
      "interactions": [
        {
          "vars": [
            "xb23",
            "xb32"
          ],
          "coef": 2.0738817985500555,
          "kind": "2way"
        },
        {
          "vars": [
            "xo3",
            "xb25"
          ],
          "coef": 1.5648650649016729,
          "kind": "2way"
        },
        {
          "vars": [
            "xb30",
            "xb23"
          ],
          "coef": 3.4581840944866276,
          "kind": "2way"
        },
        {
          "vars": [
            "xb22",
            "xo1"
          ],
          "coef": -1.6131375726245971,
          "kind": "2way"
        },
        {
          "vars": [
            "xb29",
            "xb30"
          ],
          "coef": 3.4095744300413635,
          "kind": "2way"
        },
        {
          "vars": [
            "xo3",
            "xo3"
          ],
          "coef": 2.6370680328467984,
          "kind": "quad"
        },
        {
          "vars": [
            "xb27",
            "xb27"
          ],
          "coef": -2.989744208956331,
          "kind": "quad"
        },
        {
          "vars": [
            "xo1",
            "xb30",
            "xb26"
          ],
          "coef": -1.3632419117764119,
          "kind": "3way"
        }
      ],
      "categorical": {
        "xc1": {
          "A": 0.5877687601401322,
          "B": -0.1629441596536827,
          "C": 0.21969003787421748,
          "D": -0.6445146383606675
        },
        "xc2": {
          "A": -2.100410428012365,
          "B": -2.8121288170302376,
          "C": 2.2598643171468176,
          "D": 2.6526749278957844
        },
        "xc3": {
          "A": -1.5552847251851878,
          "B": 3.0401042433809575,
          "C": -3.8071280613422376,
          "D": 2.3223085431464674
        },
        "xc4": {
          "A": -2.91695282071104,
          "B": -0.21514082314506466,
          "C": 1.3036227876358826,
          "D": 1.8284708562202225
        }
      },
      "noise_sd": 5.2
    },
    "y21": {
      "intercept": 1.1053102248053328,
      "strong": {
        "xb15": -4.432927200871667,
        "xb06": -3.550283865123868,
        "xb10": 5.635898288729487,
        "xo4": -5.254176349954096,
        "xb09": 4.651633209816595,
        "xb19": 4.788349480414545
      },
      "weak": {
        "xb30": -0.4661570753437232,
        "xb18": -0.2656967363041851,
        "xb31": -0.17681134306087984,
        "xb32": -0.4098058244313103,
        "xb26": -0.23103166296450275,
        "xb13": -0.40830294275779455,