{
  "meta": {
    "seed": 42,
    "n_rows": 2000,
    "x_columns": {
      "binary": [
        "xb01",
        "xb02",
        "xb03",
        "xb04",
        "xb05",
        "xb06",
        "xb07",
        "xb08",
        "xb09",
        "xb10",
        "xb11",
        "xb12",
        "xb13",
        "xb14",
        "xb15",
        "xb16",
        "xb17",
        "xb18",
        "xb19",
        "xb20",
        "xb21",
        "xb22",
        "xb23",
        "xb24",
        "xb25",
        "xb26",
        "xb27",
        "xb28",
        "xb29",
        "xb30",
        "xb31",
        "xb32"
      ],
      "ordinal": {
        "xo1": 5,
        "xo2": 14,
        "xo3": 12,
        "xo4": 9
      },
      "categorical": {
        "xc1": [
          "A",
          "B",
          "C",
          "D"
        ],
        "xc2": [
          "A",
          "B",
          "C",
          "D"
        ],
        "xc3": [
          "A",
          "B",
          "C",
          "D"
        ],
        "xc4": [
          "A",
          "B",
          "C",
          "D"
        ]
      }
    },
    "y_columns": [
      "y11",
      "y12",
      "y21",
      "y22"
    ]
  },
  "responses": {
    "y11": {
      "intercept": -1.4412542440006777,
      "strong": {
        "xb23": -5.164532342428736,
        "xo3": 4.80144702742228,
        "xb10": 4.988908647852719,
        "xb18": -5.220960264043953
      },
      "weak": {
        "xb03": -0.4032627015428826,
        "xb12": 0.4818606586656531,
        "xb31": 0.2279507494590221,
        "xb04": 0.4576564963402765,
        "xb26": 0.16364797806831016,
        "xb27": -0.46207708527202385,
        "xb25": -0.1995003142352462,
        "xb21": -0.3559277808923793,
        "xb05": -0.4374502851582598,
        "xb32": 0.20038258392891128
      },
      "interactions": [
        {
          "a": "xb10",
          "b": "xb23",
          "coef": -2.4102252236828807
        },
        {
          "a": "xb22",
          "b": "xb10",
          "coef": 1.5035250577466366
        }
      ],
      "categorical": {
        "xc1": {
          "A": 0.7388839661234199,
          "B": -0.4053724240179182,
          "C": 0.9090370560912496,
          "D": -1.2425485981967515
        },
        "xc2": {
          "A": -4.379873357445906,
          "B": -0.16236554719047003,
          "C": 3.3518902343373393,
          "D": 1.190348670299036
        },
        "xc3": {
          "A": 0.637853132504905,
          "B": 1.3536281498100924,
          "C": -0.768353428055385,
          "D": -1.2231278542596127
        },
        "xc4": {
          "A": -1.8467241691407317,
          "B": 2.271812713990231,
          "C": 0.9940878977456121,
          "D": -1.4191764425951114
        }
      },
      "noise_sd": 2.0
    },
    "y12": {
      "intercept": 1.134730324456135,
      "strong": {
        "xb26": -4.118040740201364,
        "xb29": -5.594372559713586,
        "xb04": -5.6509224225981525,
        "xo4": 4.589798917707553,
        "xb15": -3.7104437531732053
      },
      "weak": {
        "xb31": 0.15985304060976466,
        "xb13": 0.12959183232813715,
        "xb12": -0.4850577035319704,
        "xb09": -0.11581573272546404,
        "xb30": -0.10169029754240283,
        "xb18": 0.43065818706738235,
        "xb19": 0.4919205905075251,
        "xb21": 0.4744560497569449,
        "xb27": 0.13068904561117037,
        "xb07": 0.3341518379709421,
        "xb02": 0.14946819217235743,
        "xb16": 0.18375495060024974
      },
      "interactions": [
        {
          "a": "xb18",
          "b": "xb12",
          "coef": 1.6892695164130982
        },
        {
          "a": "xb12",
          "b": "xb08",
          "coef": -2.9339019364797094
        },
        {
          "a": "xo4",
          "b": "xb04",
          "coef": -2.107093774461034
        }
      ],
      "categorical": {
        "xc1": {
          "A": 3.805952108066304,
          "B": -3.3193335579128203,
          "C": -0.5026334511092059,
          "D": 0.016014900955721334
        },
        "xc2": {
          "A": 4.5436227066010435,
          "B": -1.5653722033567317,
          "C": -0.6174101256860114,
          "D": -2.3608403775583007
        },
        "xc3": {
          "A": -0.9471463131837689,
          "B": 2.8326390649902224,
          "C": -3.311759643677279,
          "D": 1.4262668918708257
        },
        "xc4": {
          "A": -2.840775715914775,
          "B": 4.060489395225529,
          "C": -0.3611388968009904,
          "D": -0.8585747825097645
        }
      },
      "noise_sd": 2.5
    },
    "y21": {
      "intercept": -0.5068380843312439,
      "strong": {
        "xb15": 3.9828357210511545,
        "xo1": -5.82009673733329,
        "xb10": 5.502699461726694
      },
      "weak": {
        "xb17": -0.4104892342837626,
        "xb14": 0.4778619313490621,
        "xb28": -0.1195281355330744,
        "xb13": -0.14778688788551497,
        "xb29": 0.4435987044054398,
        "xb27": 0.12075037521485293,
        "xb16": 0.3505833052488059,
        "xb19": 0.3437150742576836
      },
      "interactions": [
        {
          "a": "xb17",
          "b": "xb15",
          "coef": 2.825824380189988
        }
      ],
      "categorical": {
        "xc1": {
          "A": 0.0,
          "B": 0.0,
          "C": 0.0,
          "D": 0.0
        },
        "xc2": {
          "A": 0.0,
          "B": 0.0,
          "C": 0.0,
          "D": 0.0
        },
        "xc3": {
          "A": 0.0,
          "B": 0.0,
          "C": 0.0,
          "D": 0.0
        },
        "xc4": {
          "A": 0.0,
          "B": 0.0,
          "C": 0.0,
          "D": 0.0
        }
      },
      "noise_sd": 1.5
    },
    "y22": {
      "intercept": 1.1827014052489662,
      "strong": {
        "xb16": 4.829943565182309,
        "xb18": 3.0567563123565598,
        "xb13": -5.808226724845068,
        "xb22": 3.73965273428522,
        "xb03": -5.16345578015356,
        "xo3": 5.957830119639568
      },
      "weak": {
        "xb09": 0.4908558783864675,
        "xb12": 0.15060829305060885,
        "xb20": -0.39839129108614824,
        "xb08": 0.44814514125146654,
        "xb28": 0.10288069664032916,
        "xb11": -0.15697660489987558,
        "xb19": 0.29156944966799525,
        "xb15": 0.39813682326984645,
        "xb07": 0.20572658830939383,
        "xb14": 0.29256274410748456,
        "xb23": 0.2813079370402357,
        "xb29": -0.35798394215196694,
        "xb21": -0.3450314930278767,
        "xb06": -0.1516198295037935
      },
      "interactions": [
        {
          "a": "xb17",
          "b": "xb18",
          "coef": 1.9506214266016404
        },
        {
          "a": "xb17",
          "b": "xo3",
          "coef": 2.134201918271973
        },
        {
          "a": "xb04",
          "b": "xb17",
          "coef": 2.3744984880106683
        },
        {
          "a": "xb14",
          "b": "xb16",
          "coef": 2.05239124987908
        }
      ],
      "categorical": {
        "xc1": {
          "A": -1.0094346132801737,
          "B": -2.643354181859777,
          "C": 2.518971273336737,
          "D": 1.133817521803214
        },
        "xc2": {
          "A": -1.421409956463792,
          "B": -0.401561509863398,
          "C": 2.847259747949127,
          "D": -1.024288281621937
        },
        "xc3": {
          "A": 0.978261265360927,
          "B": 0.6766732221446841,
          "C": -0.40464702820973786,
          "D": -1.2502874592958726
        },
        "xc4": {
          "A": 0.3206692088822698,
          "B": -1.868422740071896,
          "C": -1.0334908017193838,
          "D": 2.5812443329090096
        }
      },
      "noise_sd": 3.0
    }
  }
}