{
  "name": "BM1",
  "config": {
    "seed": 1,
    "n_harmonics": 1,
    "interaction_density": 0.0,
    "interaction_strength": 0.0,
    "n_three_way": 0,
    "conflict_rho": 0.15,
    "noise_frac": 0.03,
    "n_strong": 5,
    "weak_ratio": 0.1,
    "cheby_rho": 0.01,
    "owa_k": 2
  },
  "layout": {
    "common_cols": [
      0,
      1,
      2,
      3,
      4,
      5,
      6,
      7,
      8,
      9
    ],
    "set1_cols": [
      10,
      11,
      12,
      13,
      14
    ],
    "set2_cols": [
      15,
      16,
      17,
      18,
      19,
      20,
      21,
      22,
      23,
      24,
      25,
      26,
      27,
      28,
      29
    ],
    "levels": [
      30,
      10,
      5,
      4,
      3,
      3,
      2,
      2,
      2,
      2,
      10,
      6,
      3,
      3,
      2,
      6,
      5,
      4,
      3,
      3,
      2,
      2,
      2,
      2,
      2,
      2,
      2,
      2,
      2,
      2
    ],
    "is_cat": [
      true,
      true,
      false,
      true,
      false,
      false,
      true,
      false,
      false,
      false,
      true,
      true,
      false,
      false,
      false,
      true,
      true,
      true,
      true,
      false,
      false,
      false,
      false,
      false,
      false,
      false,
      false,
      false,
      false,
      false
    ],
    "space_size_log10": 15.013661210092605
  },
  "noise_scale": [
    0.0674793862911605,
    0.06816293871364643,
    0.06731298672774363,
    0.06865066560116632,
    0.06828157501869135,
    0.06814490764512501
  ],
  "norm_lo": [
    -6.040158011120402,
    -7.171638099317948,
    -8.643075887070973,
    -6.707285775648534,
    -7.294375282982127,
    -7.206477390022184
  ],
  "norm_hi": [
    8.708467204781975,
    9.389391888366985,
    8.447092295042665,
    7.453606449420641,
    9.576135300319017,
    7.833676978916399
  ],
  "reference_optimum": {
    "equal": {
      "utility": 0.7413276510124797,
      "x": [
        22,
        4,
        2,
        3,
        0,
        0,
        0,
        0,
        0,
        0,
        9,
        2,
        2,
        0,
        1,
        4,
        2,
        2,
        1,
        2,
        0,
        1,
        0,
        0,
        1,
        1,
        0,
        1,
        1,
        1
      ]
    },
    "chebyshev": {
      "utility": -0.33426849513428203,
      "x": [
        22,
        4,
        2,
        2,
        1,
        0,
        0,
        0,
        0,
        0,
        9,
        2,
        2,
        0,
        1,
        4,
        2,
        2,
        1,
        2,
        0,
        1,
        0,
        0,
        1,
        1,
        0,
        1,
        1,
        1
      ]
    },
    "owa": {
      "utility": 0.6822309863060707,
      "x": [
        22,
        4,
        2,
        2,
        1,
        0,
        0,
        0,
        0,
        0,
        9,
        2,
        2,
        0,
        1,
        0,
        2,
        1,
        1,
        2,
        1,
        1,
        0,
        0,
        0,
        0,
        0,
        0,
        0,
        1
      ]
    }
  },
  "difficulty_random_search": {
    "equal": {
      "180": {
        "rs_best_mean": 0.6064814736966866,
        "ref_optimum": 0.7413276510124797
      },
      "780": {
        "rs_best_mean": 0.6292292264293096,
        "ref_optimum": 0.7413276510124797
      },
      "2400": {
        "rs_best_mean": 0.641521799169211,
        "ref_optimum": 0.7413276510124797
      }
    },
    "chebyshev": {
      "180": {
        "rs_best_mean": -0.5464180817967209,
        "ref_optimum": -0.33426849513428203
      },
      "780": {
        "rs_best_mean": -0.5177457435071855,
        "ref_optimum": -0.33426849513428203
      },
      "2400": {
        "rs_best_mean": -0.4791873406065674,
        "ref_optimum": -0.33426849513428203
      }
    },
    "owa": {
      "180": {
        "rs_best_mean": 0.492726101868363,
        "ref_optimum": 0.6822309863060707
      },
      "780": {
        "rs_best_mean": 0.5259478925527847,
        "ref_optimum": 0.6822309863060707
      },
      "2400": {
        "rs_best_mean": 0.5532915819900596,
        "ref_optimum": 0.6822309863060707
      }
    }
  },
  "difficulty_local_search": {
    "equal": {
      "180": {
        "ls_best_mean": 0.7413276510124797,
        "ref_optimum": 0.7413276510124797
      },
      "780": {
        "ls_best_mean": 0.7413276510124797,
        "ref_optimum": 0.7413276510124797
      },
      "2400": {
        "ls_best_mean": 0.7413276510124797,
        "ref_optimum": 0.7413276510124797
      }
    },
    "chebyshev": {
      "180": {
        "ls_best_mean": -0.49010044060642777,
        "ref_optimum": -0.33426849513428203
      },
      "780": {
        "ls_best_mean": -0.41178146921781683,
        "ref_optimum": -0.33426849513428203
      },
      "2400": {
        "ls_best_mean": -0.3651243334652109,
        "ref_optimum": -0.33426849513428203
      }
    },
    "owa": {
      "180": {
        "ls_best_mean": 0.5660457519652395,
        "ref_optimum": 0.6822309863060707
      },
      "780": {
        "ls_best_mean": 0.6530357667478592,
        "ref_optimum": 0.6822309863060707
      },
      "2400": {
        "ls_best_mean": 0.6679548973171724,
        "ref_optimum": 0.6822309863060707
      }
    }
  }
}