{
  "name": "BM1",
  "config": {
    "seed": 1,
    "n_harmonics": 1,
    "interaction_density": 0.0,
    "interaction_strength": 0.0,
    "n_three_way": 0,
    "conflict_rho": 0.15,
    "noise_frac": 0.03,
    "n_strong": 5,
    "weak_ratio": 0.1,
    "cheby_rho": 0.01,
    "owa_k": 2
  },
  "layout": {
    "common_cols": [
      0,
      1,
      2,
      3,
      4,
      5,
      6,
      7,
      8,
      9
    ],
    "set1_cols": [
      10,
      11,
      12,
      13,
      14
    ],
    "set2_cols": [
      15,
      16,
      17,
      18,
      19,
      20,
      21,
      22,
      23,
      24,
      25,
      26,
      27,
      28,
      29
    ],
    "levels": [
      30,
      10,
      5,
      4,
      3,
      3,
      2,
      2,
      2,
      2,
      10,
      6,
      3,
      3,
      2,
      6,
      5,
      4,
      3,
      3,
      2,
      2,
      2,
      2,
      2,
      2,
      2,
      2,
      2,
      2
    ],
    "is_cat": [
      true,
      true,
      false,
      true,
      false,
      false,
      true,
      false,
      false,
      false,
      true,
      true,
      false,
      false,
      false,
      true,
      true,
      true,
      true,
      false,
      false,
      false,
      false,
      false,
      false,
      false,
      false,
      false,
      false,
      false
    ],
    "space_size_log10": 15.013661210092605
  },
  "noise_scale": [
    0.06774953874381728,
    0.06774953874381728,
    0.06774953874381727,
    0.06841052550594826,
    0.06841052550594826,
    0.06841052550594826
  ],
  "main_effect_spread": [
    2.258317958127243,
    2.258317958127243,
    2.2583179581272423,
    2.280350850198275,
    2.280350850198275,
    2.280350850198275
  ],
  "total_spread": [
    2.249312876372017,
    2.272097957121548,
    2.2437662242581213,
    2.2883555200388774,
    2.276052500623045,
    2.271496921504167
  ],
  "y_lo": [
    -6.040158011120402,
    -7.171638099317948,
    -7.351152318159454,
    -6.707285775648534,
    -7.294375282982127,
    -6.694943784954116
  ],
  "y_hi": [
    8.708467204781975,
    9.389391888366985,
    9.638036331129046,
    7.453606449420641,
    9.576135300319017,
    8.593817797277424
  ],
  "reference_optimum": {
    "sum": {
      "utility": 4.586267108890065,
      "x": [
        22,
        4,
        2,
        3,
        0,
        0,
        0,
        0,
        0,
        0,
        9,
        2,
        2,
        0,
        1,
        4,
        2,
        2,
        1,
        2,
        0,
        1,
        0,
        0,
        1,
        1,
        0,
        1,
        1,
        1
      ],
      "winner": "coord_multistart",
      "by_searcher": {
        "coord_multistart": 4.586267108890065,
        "block_coord": 4.586267108890065,
        "sa": 4.586267108890065,
        "ga": 4.586267108890065
      },
      "searcher_spread": 0.0,
      "z_at_optimum": [
        0.5597673637414629,
        0.8181111986464344,
        0.759974098789667,
        0.7512876128295046,
        0.6971268348829963,
        1.0
      ],
      "z_saturated_at_top": [
        false,
        false,
        false,
        false,
        false,
        true
      ]
    },
    "chebyshev": {
      "utility": -0.3262144129829855,
      "x": [
        22,
        6,
        2,
        2,
        1,
        0,
        0,
        0,
        0,
        0,
        9,
        2,
        2,
        0,
        1,
        4,
        2,
        2,
        1,
        2,
        0,
        1,
        0,
        0,
        1,
        1,
        0,
        1,
        1,
        1
      ],
      "winner": "coord_multistart",
      "by_searcher": {
        "coord_multistart": -0.3262144129829855,
        "block_coord": -0.3262144129829855,
        "sa": -0.3262144129829855,
        "ga": -0.3660683322179093
      },
      "searcher_spread": 0.03985391923492382,
      "z_at_optimum": [
        0.6921272968719999,
        0.6883630745588928,
        0.7236365106368747,
        0.741827048526949,
        0.7105144678226541,
        0.9857828473948023
      ],
      "z_saturated_at_top": [
        false,
        false,
        false,
        false,
        false,
        false
      ]
    },
    "owa": {
      "utility": 0.6934467663137218,
      "x": [
        22,
        6,
        2,
        2,
        2,
        0,
        0,
        0,
        0,
        0,
        9,
        2,
        2,
        0,
        1,
        4,
        3,
        2,
        1,
        2,
        1,
        1,
        0,
        0,
        1,
        0,
        0,
        1,
        1,
        1
      ],
      "winner": "block_coord",
      "by_searcher": {
        "coord_multistart": 0.69098720691571,
        "block_coord": 0.6934467663137218,
        "sa": 0.6934467663137218,
        "ga": 0.6564814085522506
      },
      "searcher_spread": 0.03696535776147125,
      "z_at_optimum": [
        0.7068067018321511,
        0.6800868307952924,
        0.7110244539764881,
        0.7178167139045099,
        0.7162489687037653,
        0.8189212409713962
      ],
      "z_saturated_at_top": [
        false,
        false,
        false,
        false,
        false,
        false
      ]
    }
  },
  "difficulty_random_search": {
    "sum": {
      "180": {
        "rs_best_mean": 3.7799116009231026,
        "ref_optimum": 4.586267108890065
      },
      "780": {
        "rs_best_mean": 3.915703902992025,
        "ref_optimum": 4.586267108890065
      },
      "2400": {
        "rs_best_mean": 3.9892340590002946,
        "ref_optimum": 4.586267108890065
      }
    },
    "chebyshev": {
      "180": {
        "rs_best_mean": -0.5339637389280978,
        "ref_optimum": -0.3262144129829855
      },
      "780": {
        "rs_best_mean": -0.5100377557828577,
        "ref_optimum": -0.3262144129829855
      },
      "2400": {
        "rs_best_mean": -0.47422854691588007,
        "ref_optimum": -0.3262144129829855
      }
    },
    "owa": {
      "180": {
        "rs_best_mean": 0.5087654725536174,
        "ref_optimum": 0.6934467663137218
      },
      "780": {
        "rs_best_mean": 0.5368916785960597,
        "ref_optimum": 0.6934467663137218
      },
      "2400": {
        "rs_best_mean": 0.5561565831628246,
        "ref_optimum": 0.6934467663137218
      }
    }
  },
  "difficulty_local_search": {
    "sum": {
      "180": {
        "ls_best_mean": 4.586267108890065,
        "ref_optimum": 4.586267108890065
      },
      "780": {
        "ls_best_mean": 4.586267108890065,
        "ref_optimum": 4.586267108890065
      },
      "2400": {
        "ls_best_mean": 4.586267108890065,
        "ref_optimum": 4.586267108890065
      }
    },
    "chebyshev": {
      "180": {
        "ls_best_mean": -0.4803829879509037,
        "ref_optimum": -0.3262144129829855
      },
      "780": {
        "ls_best_mean": -0.39189545308540097,
        "ref_optimum": -0.3262144129829855
      },
      "2400": {
        "ls_best_mean": -0.33964374931306457,
        "ref_optimum": -0.3262144129829855
      }
    },
    "owa": {
      "180": {
        "ls_best_mean": 0.5491101842873064,
        "ref_optimum": 0.6934467663137218
      },
      "780": {
        "ls_best_mean": 0.6694034919894205,
        "ref_optimum": 0.6934467663137218
      },
      "2400": {
        "ls_best_mean": 0.676775417793458,
        "ref_optimum": 0.6934467663137218
      }
    }
  },
  "integrity": {
    "config_sha256": "10c2319fabe13afcee803deded3623628744c4d4203366dc9ffcca9084c8711f",
    "numpy_version": "2.4.6",