{
  "name": "BM1",
  "config": {
    "seed": 1,
    "n_harmonics": 1,
    "interaction_density": 0.0,
    "interaction_strength": 0.0,
    "n_three_way": 0,
    "conflict_rho": 0.15,
    "noise_frac": 0.03,
    "n_strong": 5,
    "weak_ratio": 0.1,
    "cheby_rho": 0.01,
    "owa_k": 2
  },
  "layout": {
    "common_cols": [
      0,
      1,
      2,
      3,
      4,
      5,
      6,
      7,
      8,
      9
    ],
    "set1_cols": [
      10,
      11,
      12,
      13,
      14
    ],
    "set2_cols": [
      15,
      16,
      17,
      18,
      19,
      20,
      21,
      22,
      23,
      24,
      25,
      26,
      27,
      28,
      29
    ],
    "levels": [
      30,
      10,
      5,
      4,
      3,
      3,
      2,
      2,
      2,
      2,
      10,
      6,
      3,
      3,
      2,
      6,
      5,
      4,
      3,
      3,
      2,
      2,
      2,
      2,
      2,
      2,
      2,
      2,
      2,
      2
    ],
    "is_cat": [
      true,
      true,
      false,
      true,
      false,
      false,
      true,
      false,
      false,
      false,
      true,
      true,
      false,
      false,
      false,
      true,
      true,
      true,
      true,
      false,
      false,
      false,
      false,
      false,
      false,
      false,
      false,
      false,
      false,
      false
    ],
    "space_size_log10": 15.013661210092605
  },
  "noise_scale": [
    0.0674793862911605,
    0.06816293871364643,
    0.06731298672774363,
    0.06865066560116632,
    0.06828157501869135,
    0.06814490764512501
  ],
  "y_lo": [
    -6.040158011120402,
    -7.171638099317948,
    -7.351152318159454,
    -6.707285775648534,
    -7.294375282982127,
    -6.694943784954116
  ],
  "y_hi": [
    8.708467204781975,
    9.389391888366985,
    9.638036331129046,
    7.453606449420641,
    9.576135300319017,
    8.593817797277424
  ],
  "reference_optimum": {
    "sum": {
      "utility": 4.586267108890065,
      "x": [
        22,
        4,
        2,
        3,
        0,
        0,
        0,
        0,
        0,
        0,
        9,
        2,
        2,
        0,
        1,
        4,
        2,
        2,
        1,
        2,
        0,
        1,
        0,
        0,
        1,
        1,
        0,
        1,
        1,
        1
      ]
    },
    "chebyshev": {
      "utility": -0.3262144129829855,
      "x": [
        22,
        6,
        2,
        2,
        1,
        0,
        0,
        0,
        0,
        0,
        9,
        2,
        2,
        0,
        1,
        4,
        2,
        2,
        1,
        2,
        0,
        1,
        0,
        0,
        1,
        1,
        0,
        1,
        1,
        1
      ]
    },
    "owa": {
      "utility": 0.69098720691571,
      "x": [
        22,
        6,
        2,
        2,
        1,
        0,
        0,
        1,
        0,
        0,
        9,
        2,
        2,
        0,
        1,
        4,
        2,
        0,
        1,
        2,
        1,
        1,
        0,
        1,
        0,
        0,
        0,
        0,
        0,
        1
      ]
    }
  },
  "difficulty_random_search": {
    "sum": {
      "180": {
        "rs_best_mean": 3.7799116009231026,
        "ref_optimum": 4.586267108890065
      },
      "780": {
        "rs_best_mean": 3.915703902992025,
        "ref_optimum": 4.586267108890065
      },
      "2400": {
        "rs_best_mean": 3.9892340590002946,
        "ref_optimum": 4.586267108890065
      }
    },
    "chebyshev": {
      "180": {
        "rs_best_mean": -0.5339637389280978,
        "ref_optimum": -0.3262144129829855
      },
      "780": {
        "rs_best_mean": -0.5100377557828577,
        "ref_optimum": -0.3262144129829855
      },
      "2400": {
        "rs_best_mean": -0.47422854691588007,
        "ref_optimum": -0.3262144129829855
      }
    },
    "owa": {
      "180": {
        "rs_best_mean": 0.5087654725536174,
        "ref_optimum": 0.69098720691571
      },
      "780": {
        "rs_best_mean": 0.5368916785960597,
        "ref_optimum": 0.69098720691571
      },
      "2400": {
        "rs_best_mean": 0.5561565831628246,
        "ref_optimum": 0.69098720691571
      }
    }
  },
  "difficulty_local_search": {
    "sum": {
      "180": {
        "ls_best_mean": 4.586267108890065,
        "ref_optimum": 4.586267108890065
      },
      "780": {
        "ls_best_mean": 4.586267108890065,
        "ref_optimum": 4.586267108890065
      },
      "2400": {
        "ls_best_mean": 4.586267108890065,
        "ref_optimum": 4.586267108890065
      }
    },
    "chebyshev": {
      "180": {
        "ls_best_mean": -0.4803829879509037,
        "ref_optimum": -0.3262144129829855
      },
      "780": {
        "ls_best_mean": -0.39189545308540097,
        "ref_optimum": -0.3262144129829855
      },
      "2400": {
        "ls_best_mean": -0.33964374931306457,
        "ref_optimum": -0.3262144129829855
      }
    },
    "owa": {
      "180": {
        "ls_best_mean": 0.5491101842873064,
        "ref_optimum": 0.69098720691571
      },
      "780": {
        "ls_best_mean": 0.6694034919894205,
        "ref_optimum": 0.69098720691571
      },
      "2400": {
        "ls_best_mean": 0.676775417793458,
        "ref_optimum": 0.69098720691571
      }
    }
  }
}