{
  "name": "BM1",
  "config": {
    "seed": 1,
    "n_harmonics": 1,
    "interaction_density": 0.0,
    "interaction_strength": 0.0,
    "n_three_way": 0,
    "conflict_rho": 0.2,
    "noise_frac": 0.05,
    "n_strong": 4,
    "weak_ratio": 0.15,
    "cheby_rho": 0.01,
    "owa_k": 2
  },
  "layout": {
    "common_cols": [
      0,
      1,
      2,
      3,
      4,
      5,
      6,
      7,
      8,
      9
    ],
    "set1_cols": [
      10,
      11,
      12,
      13,
      14
    ],
    "set2_cols": [
      15,
      16,
      17,
      18,
      19,
      20,
      21,
      22,
      23,
      24,
      25,
      26,
      27,
      28,
      29
    ],
    "levels": [
      30,
      10,
      5,
      4,
      3,
      3,
      2,
      2,
      2,
      2,
      10,
      6,
      3,
      3,
      2,
      6,
      5,
      4,
      3,
      3,
      2,
      2,
      2,
      2,
      2,
      2,
      2,
      2,
      2,
      2
    ],
    "is_cat": [
      true,
      true,
      false,
      true,
      false,
      false,
      true,
      false,
      false,
      false,
      true,
      true,
      false,
      false,
      false,
      true,
      true,
      true,
      true,
      false,
      false,
      false,
      false,
      false,
      false,
      false,
      false,
      false,
      false,
      false
    ],
    "space_size_log10": 15.013661210092605
  },
  "noise_scale": [
    0.10360823301881512,
    0.10235803616258077,
    0.10331881313104084,
    0.10514537772869546,
    0.10576626021088396,
    0.10504367316241062
  ],
  "norm_lo": [
    -6.001144167108934,
    -6.273441851225317,
    -7.0619654698419705,
    -6.346974921636413,
    -6.85290234587637,
    -6.601366224699222
  ],
  "norm_hi": [
    7.289757112570854,
    7.0398594277436555,
    7.716950137382646,
    8.756262985964124,
    8.76479463969721,
    9.16235517630089
  ],
  "reference_optimum": {
    "equal": {
      "utility": 0.7407508221282626,
      "x": [
        13,
        9,
        4,
        3,
        0,
        2,
        0,
        1,
        0,
        1,
        0,
        0,
        2,
        0,
        1,
        1,
        4,
        0,
        1,
        0,
        1,
        0,
        1,
        1,
        0,
        1,
        1,
        0,
        0,
        0
      ]
    },
    "chebyshev": {
      "utility": -0.3289123450955485,
      "x": [
        13,
        9,
        1,
        1,
        2,
        2,
        0,
        1,
        0,
        1,
        0,
        3,
        2,
        0,
        1,
        1,
        4,
        0,
        1,
        0,
        1,
        0,
        1,
        1,
        0,
        1,
        1,
        0,
        0,
        0
      ]
    },
    "owa": {
      "utility": 0.6843030011182691,
      "x": [
        13,
        9,
        1,
        1,
        0,
        2,
        0,
        1,
        0,
        1,
        0,
        0,
        2,
        0,
        1,
        4,
        4,
        0,
        1,
        0,
        1,
        0,
        1,
        1,
        1,
        1,
        1,
        0,
        0,
        0
      ]
    }
  },
  "difficulty_random_search": {
    "equal": {
      "180": {
        "rs_best_mean": 0.5836441247377799,
        "ref_optimum": 0.7407508221282626
      },
      "780": {
        "rs_best_mean": 0.5996705348928454,
        "ref_optimum": 0.7407508221282626
      },
      "2400": {
        "rs_best_mean": 0.6033635275507152,
        "ref_optimum": 0.7407508221282626
      }
    },
    "chebyshev": {
      "180": {
        "rs_best_mean": -0.5677198921089309,
        "ref_optimum": -0.3289123450955485
      },
      "780": {
        "rs_best_mean": -0.5259232946993724,
        "ref_optimum": -0.3289123450955485
      },
      "2400": {
        "rs_best_mean": -0.5120395236137221,
        "ref_optimum": -0.3289123450955485
      }
    },
    "owa": {
      "180": {
        "rs_best_mean": 0.46989173268142953,
        "ref_optimum": 0.6843030011182691
      },
      "780": {
        "rs_best_mean": 0.5148252406108231,
        "ref_optimum": 0.6843030011182691
      },
      "2400": {
        "rs_best_mean": 0.5249781927045263,
        "ref_optimum": 0.6843030011182691
      }
    }
  }
}