{
  "name": "BM2",
  "config": {
    "seed": 2,
    "n_harmonics": 4,
    "interaction_density": 0.22,
    "interaction_strength": 0.8,
    "n_three_way": 0,
    "conflict_rho": 0.55,
    "noise_frac": 0.05,
    "n_strong": 4,
    "weak_ratio": 0.2,
    "cheby_rho": 0.01,
    "owa_k": 2
  },
  "layout": {
    "common_cols": [
      0,
      1,
      2,
      3,
      4,
      5,
      6,
      7,
      8,
      9
    ],
    "set1_cols": [
      10,
      11,
      12,
      13,
      14
    ],
    "set2_cols": [
      15,
      16,
      17,
      18,
      19,
      20,
      21,
      22,
      23,
      24,
      25,
      26,
      27,
      28,
      29
    ],
    "levels": [
      30,
      10,
      5,
      4,
      3,
      3,
      2,
      2,
      2,
      2,
      10,
      6,
      3,
      3,
      2,
      6,
      5,
      4,
      3,
      3,
      2,
      2,
      2,
      2,
      2,
      2,
      2,
      2,
      2,
      2
    ],
    "is_cat": [
      true,
      true,
      false,
      true,
      false,
      false,
      true,
      false,
      false,
      false,
      true,
      true,
      false,
      false,
      false,
      true,
      true,
      true,
      true,
      false,
      false,
      false,
      false,
      false,
      false,
      false,
      false,
      false,
      false,
      false
    ],
    "space_size_log10": 15.013661210092605
  },
  "noise_scale": [
    0.21898131448905167,
    0.21803319384690412,
    0.21795318393902088,
    0.34493522408529037,
    0.3458320485717826,
    0.34121917410271174
  ],
  "y_lo": [
    -16.05372511224376,
    -16.758984736221223,
    -17.766898130115763,
    -27.52996995051711,
    -25.915278116498303,
    -27.51316684013943
  ],
  "y_hi": [
    22.26286784696226,
    23.769798928036135,
    22.344093132813388,
    45.08278526089317,
    46.86863786440587,
    45.48572748710164
  ],
  "reference_optimum": {
    "sum": {
      "utility": 4.487175759625946,
      "x": [
        9,
        2,
        3,
        1,
        2,
        0,
        0,
        0,
        0,
        0,
        7,
        4,
        2,
        0,
        0,
        5,
        4,
        2,
        1,
        0,
        0,
        0,
        1,
        0,
        1,
        1,
        0,
        1,
        1,
        1
      ]
    },
    "chebyshev": {
      "utility": -0.33142791122430504,
      "x": [
        6,
        0,
        1,
        1,
        2,
        1,
        1,
        0,
        0,
        1,
        2,
        0,
        1,
        0,
        1,
        3,
        1,
        0,
        1,
        2,
        1,
        1,
        0,
        1,
        0,
        0,
        0,
        0,
        0,
        0
      ]
    },
    "owa": {
      "utility": 0.684118627165268,
      "x": [
        9,
        2,
        3,
        3,
        2,
        0,
        0,
        0,
        0,
        0,
        7,
        4,
        2,
        0,
        1,
        4,
        4,
        0,
        1,
        0,
        0,
        0,
        1,
        0,
        1,
        1,
        0,
        1,
        0,
        1
      ]
    }
  },
  "difficulty_random_search": {
    "sum": {
      "180": {
        "rs_best_mean": 3.451263364120372,
        "ref_optimum": 4.487175759625946
      },
      "780": {
        "rs_best_mean": 3.561062748637373,
        "ref_optimum": 4.487175759625946
      },
      "2400": {
        "rs_best_mean": 3.586451004683254,
        "ref_optimum": 4.487175759625946
      }
    },
    "chebyshev": {
      "180": {
        "rs_best_mean": -0.5590516855128678,
        "ref_optimum": -0.33142791122430504
      },
      "780": {
        "rs_best_mean": -0.5459323089741258,
        "ref_optimum": -0.33142791122430504
      },
      "2400": {
        "rs_best_mean": -0.5327266888613409,
        "ref_optimum": -0.33142791122430504
      }
    },
    "owa": {
      "180": {
        "rs_best_mean": 0.4852782016957372,
        "ref_optimum": 0.684118627165268
      },
      "780": {
        "rs_best_mean": 0.5002954141079857,
        "ref_optimum": 0.684118627165268
      },
      "2400": {
        "rs_best_mean": 0.5067768414773995,
        "ref_optimum": 0.684118627165268
      }
    }
  },
  "difficulty_local_search": {
    "sum": {
      "180": {
        "ls_best_mean": 4.041668145819884,
        "ref_optimum": 4.487175759625946
      },
      "780": {
        "ls_best_mean": 4.272713722667514,
        "ref_optimum": 4.487175759625946
      },
      "2400": {
        "ls_best_mean": 4.321716794038453,
        "ref_optimum": 4.487175759625946
      }
    },
    "chebyshev": {
      "180": {
        "ls_best_mean": -0.5027705087613473,
        "ref_optimum": -0.33142791122430504
      },
      "780": {
        "ls_best_mean": -0.4398854152390811,
        "ref_optimum": -0.33142791122430504
      },
      "2400": {
        "ls_best_mean": -0.4013970266240053,
        "ref_optimum": -0.33142791122430504
      }
    },
    "owa": {
      "180": {
        "ls_best_mean": 0.5662181391594266,
        "ref_optimum": 0.684118627165268
      },
      "780": {
        "ls_best_mean": 0.613529147215294,
        "ref_optimum": 0.684118627165268
      },
      "2400": {
        "ls_best_mean": 0.6455216797340585,
        "ref_optimum": 0.684118627165268
      }
    }
  }
}