{
  "name": "BM2",
  "config": {
    "seed": 2,
    "n_harmonics": 4,
    "interaction_density": 0.22,
    "interaction_strength": 0.8,
    "n_three_way": 0,
    "conflict_rho": 0.55,
    "noise_frac": 0.05,
    "n_strong": 4,
    "weak_ratio": 0.2,
    "cheby_rho": 0.01,
    "owa_k": 2
  },
  "layout": {
    "common_cols": [
      0,
      1,
      2,
      3,
      4,
      5,
      6,
      7,
      8,
      9
    ],
    "set1_cols": [
      10,
      11,
      12,
      13,
      14
    ],
    "set2_cols": [
      15,
      16,
      17,
      18,
      19,
      20,
      21,
      22,
      23,
      24,
      25,
      26,
      27,
      28,
      29
    ],
    "levels": [
      30,
      10,
      5,
      4,
      3,
      3,
      2,
      2,
      2,
      2,
      10,
      6,
      3,
      3,
      2,
      6,
      5,
      4,
      3,
      3,
      2,
      2,
      2,
      2,
      2,
      2,
      2,
      2,
      2,
      2
    ],
    "is_cat": [
      true,
      true,
      false,
      true,
      false,
      false,
      true,
      false,
      false,
      false,
      true,
      true,
      false,
      false,
      false,
      true,
      true,
      true,
      true,
      false,
      false,
      false,
      false,
      false,
      false,
      false,
      false,
      false,
      false,
      false
    ],
    "space_size_log10": 15.013661210092605
  },
  "noise_scale": [
    0.10535653752852739,
    0.10535653752852739,
    0.10535653752852739,
    0.11000000000000001,
    0.11000000000000001,
    0.11000000000000001
  ],
  "main_effect_spread": [
    2.1071307505705477,
    2.1071307505705477,
    2.1071307505705477,
    2.2,
    2.2,
    2.2
  ],
  "total_spread": [
    4.379626289781033,
    4.360663876938082,
    4.359063678780418,
    6.898704481705807,
    6.916640971435652,
    6.824383482054234
  ],
  "y_lo": [
    -16.05372511224376,
    -16.758984736221223,
    -17.766898130115763,
    -27.52996995051711,
    -25.915278116498303,
    -27.51316684013943
  ],
  "y_hi": [
    22.26286784696226,
    23.769798928036135,
    22.344093132813388,
    45.08278526089317,
    46.86863786440587,
    45.48572748710164
  ],
  "reference_optimum": {
    "sum": {
      "utility": 4.487175759625946,
      "x": [
        9,
        2,
        3,
        1,
        2,
        0,
        0,
        0,
        0,
        0,
        7,
        4,
        2,
        0,
        0,
        5,
        4,
        2,
        1,
        0,
        0,
        0,
        1,
        0,
        1,
        1,
        0,
        1,
        1,
        1
      ],
      "winner": "coord_multistart",
      "by_searcher": {
        "coord_multistart": 4.487175759625946,
        "block_coord": 4.448567595316826,
        "sa": 4.487175759625946,
        "ga": 4.487175759625946
      },
      "searcher_spread": 0.03860816430912006,
      "z_at_optimum": [
        0.6679565275318954,
        0.7552818214299254,
        0.7592391674544781,
        0.7927123294566799,
        0.5448107338385484,
        0.9671751799144184
      ],
      "z_saturated_at_top": [
        false,
        false,
        false,
        false,
        false,
        false
      ]
    },
    "chebyshev": {
      "utility": -0.33142791122430504,
      "x": [
        6,
        0,
        1,
        1,
        2,
        1,
        1,
        0,
        0,
        1,
        2,
        0,
        1,
        0,
        1,
        3,
        1,
        0,
        1,
        2,
        1,
        1,
        0,
        1,
        0,
        0,
        0,
        0,
        0,
        0
      ],
      "winner": "block_coord",
      "by_searcher": {
        "coord_multistart": -0.36637495953967975,
        "block_coord": -0.33142791122430504,
        "sa": -0.34796329183580516,
        "ga": -0.3494759130662206
      },
      "searcher_spread": 0.03494704831537471,
      "z_at_optimum": [
        0.6930042013628028,
        0.6854046362790965,
        0.8051162463477965,
        0.7380629501463661,
        0.6854783210656566,
        0.7096788944581239
      ],
      "z_saturated_at_top": [
        false,
        false,
        false,
        false,
        false,
        false
      ]
    },
    "owa": {
      "utility": 0.684118627165268,
      "x": [
        9,
        2,
        3,
        3,
        2,
        0,
        0,
        0,
        0,
        0,
        7,
        4,
        2,
        0,
        1,
        4,
        4,
        0,
        1,
        0,
        0,
        0,
        1,
        0,
        1,
        1,
        0,
        1,
        0,
        1
      ],
      "winner": "coord_multistart",
      "by_searcher": {
        "coord_multistart": 0.684118627165268,
        "block_coord": 0.6648509530188678,
        "sa": 0.6719773747724911,
        "ga": 0.6742008697835428
      },
      "searcher_spread": 0.019267674146400182,
      "z_at_optimum": [
        0.7023697437033577,
        0.6705526687670726,
        0.7376358835921204,
        0.6976845855634632,
        0.7035830601424943,
        0.7275680649514201
      ],
      "z_saturated_at_top": [
        false,
        false,
        false,
        false,
        false,
        false
      ]
    }
  },
  "difficulty_random_search": {
    "sum": {
      "180": {
        "rs_best_mean": 3.451263364120372,
        "ref_optimum": 4.487175759625946
      },
      "780": {
        "rs_best_mean": 3.561062748637373,
        "ref_optimum": 4.487175759625946
      },
      "2400": {
        "rs_best_mean": 3.586451004683254,
        "ref_optimum": 4.487175759625946
      }
    },
    "chebyshev": {
      "180": {
        "rs_best_mean": -0.5590516855128678,
        "ref_optimum": -0.33142791122430504
      },
      "780": {
        "rs_best_mean": -0.5459323089741258,
        "ref_optimum": -0.33142791122430504
      },
      "2400": {
        "rs_best_mean": -0.5327266888613409,
        "ref_optimum": -0.33142791122430504
      }
    },
    "owa": {
      "180": {
        "rs_best_mean": 0.4852782016957372,
        "ref_optimum": 0.684118627165268
      },
      "780": {
        "rs_best_mean": 0.5002954141079857,
        "ref_optimum": 0.684118627165268
      },
      "2400": {
        "rs_best_mean": 0.5067768414773995,
        "ref_optimum": 0.684118627165268
      }
    }
  },
  "difficulty_local_search": {
    "sum": {
      "180": {
        "ls_best_mean": 4.041668145819884,
        "ref_optimum": 4.487175759625946
      },
      "780": {
        "ls_best_mean": 4.272713722667514,
        "ref_optimum": 4.487175759625946
      },
      "2400": {
        "ls_best_mean": 4.321716794038453,
        "ref_optimum": 4.487175759625946
      }
    },
    "chebyshev": {
      "180": {
        "ls_best_mean": -0.5027705087613473,
        "ref_optimum": -0.33142791122430504
      },
      "780": {
        "ls_best_mean": -0.4398854152390811,
        "ref_optimum": -0.33142791122430504
      },
      "2400": {
        "ls_best_mean": -0.4013970266240053,
        "ref_optimum": -0.33142791122430504
      }
    },
    "owa": {
      "180": {
        "ls_best_mean": 0.5662181391594266,
        "ref_optimum": 0.684118627165268
      },
      "780": {
        "ls_best_mean": 0.613529147215294,
        "ref_optimum": 0.684118627165268
      },
      "2400": {
        "ls_best_mean": 0.6455216797340585,
        "ref_optimum": 0.684118627165268
      }
    }
  },
  "integrity": {
    "config_sha256": "e3c729f5d6c50de87a3d8d34a4a8908373e38912fcc5b977ee59096d12d767bd",
    "numpy_version": "2.4.6",