{
  "name": "BM2",
  "config": {
    "seed": 2,
    "n_harmonics": 4,
    "interaction_density": 0.22,
    "interaction_strength": 0.8,
    "n_three_way": 0,
    "conflict_rho": 0.55,
    "noise_frac": 0.05,
    "n_strong": 4,
    "weak_ratio": 0.2,
    "cheby_rho": 0.01,
    "owa_k": 2
  },
  "layout": {
    "common_cols": [
      0,
      1,
      2,
      3,
      4,
      5,
      6,
      7,
      8,
      9
    ],
    "set1_cols": [
      10,
      11,
      12,
      13,
      14
    ],
    "set2_cols": [
      15,
      16,
      17,
      18,
      19,
      20,
      21,
      22,
      23,
      24,
      25,
      26,
      27,
      28,
      29
    ],
    "levels": [
      30,
      10,
      5,
      4,
      3,
      3,
      2,
      2,
      2,
      2,
      10,
      6,
      3,
      3,
      2,
      6,
      5,
      4,
      3,
      3,
      2,
      2,
      2,
      2,
      2,
      2,
      2,
      2,
      2,
      2
    ],
    "is_cat": [
      true,
      true,
      false,
      true,
      false,
      false,
      true,
      false,
      false,
      false,
      true,
      true,
      false,
      false,
      false,
      true,
      true,
      true,
      true,
      false,
      false,
      false,
      false,
      false,
      false,
      false,
      false,
      false,
      false,
      false
    ],
    "space_size_log10": 15.013661210092605
  },
  "noise_scale": [
    0.21898131448905167,
    0.21803319384690412,
    0.21795318393902088,
    0.34493522408529037,
    0.3458320485717826,
    0.34121917410271174
  ],
  "norm_lo": [
    -16.05372511224376,
    -16.758984736221223,
    -15.697184159258212,
    -27.52996995051711,
    -25.915278116498303,
    -31.878236600605746
  ],
  "norm_hi": [
    22.26286784696226,
    23.769798928036135,
    23.571417045512774,
    45.08278526089317,
    46.86863786440587,
    44.779173437513386
  ],
  "reference_optimum": {
    "equal": {
      "utility": 0.6850876306250374,
      "x": [
        9,
        2,
        3,
        1,
        2,
        0,
        0,
        0,
        0,
        0,
        7,
        4,
        2,
        0,
        0,
        5,
        4,
        2,
        1,
        0,
        0,
        0,
        1,
        0,
        1,
        1,
        0,
        1,
        1,
        1
      ]
    },
    "chebyshev": {
      "utility": -0.3909878184759499,
      "x": [
        27,
        4,
        1,
        2,
        0,
        1,
        0,
        0,
        0,
        1,
        0,
        2,
        1,
        1,
        1,
        3,
        1,
        0,
        1,
        1,
        1,
        1,
        0,
        1,
        0,
        0,
        0,
        0,
        0,
        0
      ]
    },
    "owa": {
      "utility": 0.6187081782507742,
      "x": [
        4,
        6,
        3,
        3,
        2,
        1,
        0,
        0,
        0,
        1,
        6,
        2,
        2,
        0,
        0,
        5,
        4,
        2,
        1,
        1,
        1,
        1,
        1,
        0,
        1,
        1,
        0,
        1,
        1,
        0
      ]
    }
  },
  "difficulty_random_search": {
    "equal": {
      "180": {
        "rs_best_mean": 0.5143613437032589,
        "ref_optimum": 0.6850876306250374
      },
      "780": {
        "rs_best_mean": 0.5325547135624649,
        "ref_optimum": 0.6850876306250374
      },
      "2400": {
        "rs_best_mean": 0.5371087027591932,
        "ref_optimum": 0.6850876306250374
      }
    },
    "chebyshev": {
      "180": {
        "rs_best_mean": -0.6066963751264544,
        "ref_optimum": -0.3909878184759499
      },
      "780": {
        "rs_best_mean": -0.5638128417636832,
        "ref_optimum": -0.3909878184759499
      },
      "2400": {
        "rs_best_mean": -0.5689662350039584,
        "ref_optimum": -0.3909878184759499
      }
    },
    "owa": {
      "180": {
        "rs_best_mean": 0.44697140390354084,
        "ref_optimum": 0.6187081782507742
      },
      "780": {
        "rs_best_mean": 0.47828911539402447,
        "ref_optimum": 0.6187081782507742
      },
      "2400": {
        "rs_best_mean": 0.4705587987869033,
        "ref_optimum": 0.6187081782507742
      }
    }
  },
  "difficulty_local_search": {
    "equal": {
      "180": {
        "ls_best_mean": 0.6094572717427352,
        "ref_optimum": 0.6850876306250374
      },
      "780": {
        "ls_best_mean": 0.6502465468069014,
        "ref_optimum": 0.6850876306250374
      },
      "2400": {
        "ls_best_mean": 0.6610039894530911,
        "ref_optimum": 0.6850876306250374
      }
    },
    "chebyshev": {
      "180": {
        "ls_best_mean": -0.5298032315768174,
        "ref_optimum": -0.3909878184759499
      },
      "780": {
        "ls_best_mean": -0.4681634530697293,
        "ref_optimum": -0.3909878184759499
      },
      "2400": {
        "ls_best_mean": -0.45008553799429657,
        "ref_optimum": -0.3909878184759499
      }
    },
    "owa": {
      "180": {
        "ls_best_mean": 0.4915355001125211,
        "ref_optimum": 0.6187081782507742
      },
      "780": {
        "ls_best_mean": 0.5536520352160655,
        "ref_optimum": 0.6187081782507742
      },
      "2400": {
        "ls_best_mean": 0.5800684510106282,
        "ref_optimum": 0.6187081782507742
      }
    }
  }
}