{
  "name": "BM2",
  "config": {
    "seed": 2,
    "n_harmonics": 3,
    "interaction_density": 0.12,
    "interaction_strength": 0.5,
    "n_three_way": 0,
    "conflict_rho": 0.55,
    "noise_frac": 0.05,
    "n_strong": 4,
    "weak_ratio": 0.15,
    "cheby_rho": 0.01,
    "owa_k": 2
  },
  "layout": {
    "common_cols": [
      0,
      1,
      2,
      3,
      4,
      5,
      6,
      7,
      8,
      9
    ],
    "set1_cols": [
      10,
      11,
      12,
      13,
      14
    ],
    "set2_cols": [
      15,
      16,
      17,
      18,
      19,
      20,
      21,
      22,
      23,
      24,
      25,
      26,
      27,
      28,
      29
    ],
    "levels": [
      30,
      10,
      5,
      4,
      3,
      3,
      2,
      2,
      2,
      2,
      10,
      6,
      3,
      3,
      2,
      6,
      5,
      4,
      3,
      3,
      2,
      2,
      2,
      2,
      2,
      2,
      2,
      2,
      2,
      2
    ],
    "is_cat": [
      true,
      true,
      false,
      true,
      false,
      false,
      true,
      false,
      false,
      false,
      true,
      true,
      false,
      false,
      false,
      true,
      true,
      true,
      true,
      false,
      false,
      false,
      false,
      false,
      false,
      false,
      false,
      false,
      false,
      false
    ],
    "space_size_log10": 15.013661210092605
  },
  "noise_scale": [
    0.13699683676953991,
    0.1368081041392946,
    0.1369491653226264,
    0.1838023081374879,
    0.18463100533020596,
    0.18403079389175278
  ],
  "norm_lo": [
    -9.372822906508466,
    -10.536475268227125,
    -10.800673083641406,
    -14.606629953307213,
    -15.528225617346894,
    -13.835077073751062
  ],
  "norm_hi": [
    12.513605285189502,
    12.433583215489133,
    13.964513654415434,
    20.681192416708384,
    22.97726607175874,
    21.828974036188193
  ],
  "reference_optimum": {
    "equal": {
      "utility": 0.7256808401223039,
      "x": [
        2,
        3,
        1,
        1,
        1,
        0,
        0,
        0,
        0,
        0,
        1,
        2,
        0,
        0,
        1,
        3,
        3,
        2,
        2,
        0,
        1,
        0,
        0,
        1,
        1,
        1,
        1,
        0,
        1,
        0
      ]
    },
    "chebyshev": {
      "utility": -0.35836467138294154,
      "x": [
        2,
        7,
        2,
        3,
        1,
        0,
        0,
        0,
        0,
        0,
        1,
        1,
        0,
        0,
        1,
        3,
        3,
        2,
        2,
        0,
        1,
        0,
        0,
        1,
        1,
        1,
        1,
        0,
        1,
        0
      ]
    },
    "owa": {
      "utility": 0.663275699149249,
      "x": [
        2,
        3,
        1,
        0,
        1,
        2,
        0,
        0,
        0,
        1,
        3,
        1,
        0,
        0,
        1,
        5,
        3,
        0,
        2,
        1,
        0,
        1,
        1,
        1,
        0,
        0,
        1,
        0,
        1,
        1
      ]
    }
  },
  "difficulty_random_search": {
    "equal": {
      "180": {
        "rs_best_mean": 0.5455189676660919,
        "ref_optimum": 0.7256808401223039
      },
      "780": {
        "rs_best_mean": 0.5853558840686313,
        "ref_optimum": 0.7256808401223039
      },
      "2400": {
        "rs_best_mean": 0.5932366386558321,
        "ref_optimum": 0.7256808401223039
      }
    },
    "chebyshev": {
      "180": {
        "rs_best_mean": -0.5642846048389261,
        "ref_optimum": -0.35836467138294154
      },
      "780": {
        "rs_best_mean": -0.5320183680780322,
        "ref_optimum": -0.35836467138294154
      },
      "2400": {
        "rs_best_mean": -0.5263472826811099,
        "ref_optimum": -0.35836467138294154
      }
    },
    "owa": {
      "180": {
        "rs_best_mean": 0.47948868251009114,
        "ref_optimum": 0.663275699149249
      },
      "780": {
        "rs_best_mean": 0.5074239603904735,
        "ref_optimum": 0.663275699149249
      },
      "2400": {
        "rs_best_mean": 0.5097690451956017,
        "ref_optimum": 0.663275699149249
      }
    }
  }
}