{
  "name": "BM3",
  "config": {
    "seed": 3,
    "n_harmonics": 8,
    "interaction_density": 0.45,
    "interaction_strength": 1.3,
    "n_three_way": 12,
    "conflict_rho": 0.85,
    "noise_frac": 0.08,
    "n_strong": 4,
    "weak_ratio": 0.35,
    "cheby_rho": 0.01,
    "owa_k": 2
  },
  "layout": {
    "common_cols": [
      0,
      1,
      2,
      3,
      4,
      5,
      6,
      7,
      8,
      9
    ],
    "set1_cols": [
      10,
      11,
      12,
      13,
      14
    ],
    "set2_cols": [
      15,
      16,
      17,
      18,
      19,
      20,
      21,
      22,
      23,
      24,
      25,
      26,
      27,
      28,
      29
    ],
    "levels": [
      30,
      10,
      5,
      4,
      3,
      3,
      2,
      2,
      2,
      2,
      10,
      6,
      3,
      3,
      2,
      6,
      5,
      4,
      3,
      3,
      2,
      2,
      2,
      2,
      2,
      2,
      2,
      2,
      2,
      2
    ],
    "is_cat": [
      true,
      true,
      false,
      true,
      false,
      false,
      true,
      false,
      false,
      false,
      true,
      true,
      false,
      false,
      false,
      true,
      true,
      true,
      true,
      false,
      false,
      false,
      false,
      false,
      false,
      false,
      false,
      false,
      false,
      false
    ],
    "space_size_log10": 15.013661210092605
  },
  "noise_scale": [
    0.18499729727755485,
    0.18499729727755485,
    0.18499729727755485,
    0.20509509989270824,
    0.20509509989270822,
    0.20509509989270824
  ],
  "main_effect_spread": [
    2.3124662159694354,
    2.3124662159694354,
    2.3124662159694354,
    2.563688748658853,
    2.5636887486588527,
    2.563688748658853
  ],
  "total_spread": [
    10.26750793997131,
    10.239592916052914,
    10.177772451650323,
    15.808639266749015,
    15.991783715382287,
    15.969214156103588
  ],
  "y_lo": [
    -39.30544983492522,
    -40.207953650856794,
    -39.18570356048639,
    -60.11473281720311,
    -61.3663953173401,
    -62.74886463412362
  ],
  "y_hi": [
    59.66351524633454,
    54.36328889153025,
    54.79967807743251,
    99.59178280909366,
    104.32548247906384,
    98.26080704797916
  ],
  "reference_optimum": {
    "sum": {
      "utility": 4.679250800272274,
      "x": [
        7,
        5,
        2,
        0,
        0,
        1,
        1,
        0,
        1,
        1,
        9,
        4,
        2,
        0,
        0,
        5,
        2,
        0,
        1,
        2,
        1,
        1,
        1,
        1,
        1,
        1,
        0,
        0,
        1,
        1
      ],
      "winner": "block_coord",
      "by_searcher": {
        "coord_multistart": 4.658413387378337,
        "block_coord": 4.679250800272274,
        "sa": 4.651234207582269,
        "ga": 4.414263660953277
      },
      "searcher_spread": 0.26498713931899687,
      "z_at_optimum": [
        0.7320254276654548,
        0.7616658086903489,
        0.9941051291708186,
        0.6368714997467347,
        0.6387534039524017,
        0.9158295310465152
      ],
      "z_saturated_at_top": [
        false,
        false,
        false,
        false,
        false,
        false
      ]
    },
    "chebyshev": {
      "utility": -0.3485136578271049,
      "x": [
        4,
        5,
        2,
        0,
        0,
        0,
        1,
        0,
        1,
        0,
        4,
        3,
        1,
        0,
        0,
        5,
        4,
        0,
        2,
        2,
        0,
        1,
        1,
        1,
        1,
        0,
        0,
        0,
        1,
        1
      ],
      "winner": "sa",
      "by_searcher": {
        "coord_multistart": -0.34975135502961513,
        "block_coord": -0.3550832691604024,
        "sa": -0.3485136578271049,
        "ga": -0.37062194942154236
      },
      "searcher_spread": 0.022108291594437446,
      "z_at_optimum": [
        0.7364402648352113,
        0.6689498396922953,
        0.6765652421093722,
        0.6911784153016421,
        0.683110081948263,
        0.7974064041731963
      ],
      "z_saturated_at_top": [
        false,
        false,
        false,
        false,
        false,
        false
      ]
    },
    "owa": {
      "utility": 0.6875985639099489,
      "x": [
        25,
        3,
        1,
        1,
        2,
        0,
        1,
        1,
        0,
        0,
        7,
        3,
        1,
        1,
        1,
        1,
        2,
        1,
        2,
        1,
        1,
        1,
        1,
        0,
        1,
        1,
        1,
        1,
        0,
        1
      ],
      "winner": "block_coord",
      "by_searcher": {
        "coord_multistart": 0.6770413628878413,
        "block_coord": 0.6875985639099489,
        "sa": 0.6821318510834247,
        "ga": 0.6582468870239767
      },
      "searcher_spread": 0.029351676885972178,
      "z_at_optimum": [
        0.6830069375701932,
        0.6975083009441577,
        0.7565110549347815,
        0.7395727744538413,
        0.6921901902497045,
        0.7188329727620754
      ],
      "z_saturated_at_top": [
        false,
        false,
        false,
        false,
        false,
        false
      ]
    }
  },
  "difficulty_random_search": {
    "sum": {
      "180": {
        "rs_best_mean": 3.5867495044517304,
        "ref_optimum": 4.679250800272274
      },
      "780": {
        "rs_best_mean": 3.65668541811108,
        "ref_optimum": 4.679250800272274
      },
      "2400": {
        "rs_best_mean": 3.655608740788422,
        "ref_optimum": 4.679250800272274
      }
    },
    "chebyshev": {
      "180": {
        "rs_best_mean": -0.5558729941967239,
        "ref_optimum": -0.3485136578271049
      },
      "780": {
        "rs_best_mean": -0.533488225151498,
        "ref_optimum": -0.3485136578271049
      },
      "2400": {
        "rs_best_mean": -0.5180617423423268,
        "ref_optimum": -0.3485136578271049
      }
    },
    "owa": {
      "180": {
        "rs_best_mean": 0.490875087466973,
        "ref_optimum": 0.6875985639099489
      },
      "780": {
        "rs_best_mean": 0.5086535088769091,
        "ref_optimum": 0.6875985639099489
      },
      "2400": {
        "rs_best_mean": 0.51650364595573,
        "ref_optimum": 0.6875985639099489
      }
    }
  },
  "difficulty_local_search": {
    "sum": {
      "180": {
        "ls_best_mean": 3.8837439183852105,
        "ref_optimum": 4.679250800272274
      },
      "780": {
        "ls_best_mean": 4.3298220508312015,
        "ref_optimum": 4.679250800272274
      },
      "2400": {
        "ls_best_mean": 4.453591764690826,
        "ref_optimum": 4.679250800272274
      }
    },
    "chebyshev": {
      "180": {
        "ls_best_mean": -0.48606434589479985,
        "ref_optimum": -0.3485136578271049
      },
      "780": {
        "ls_best_mean": -0.39581668080080235,
        "ref_optimum": -0.3485136578271049
      },
      "2400": {
        "ls_best_mean": -0.36529006771663014,
        "ref_optimum": -0.3485136578271049
      }
    },
    "owa": {
      "180": {
        "ls_best_mean": 0.5594720045647841,
        "ref_optimum": 0.6875985639099489
      },
      "780": {
        "ls_best_mean": 0.6245826671253412,
        "ref_optimum": 0.6875985639099489
      },
      "2400": {
        "ls_best_mean": 0.6499524240779178,
        "ref_optimum": 0.6875985639099489
      }
    }
  },
  "integrity": {
    "config_sha256": "e7efe40e5300730be1a6791b603d119386563713ba5c7049d73af591137a8ef6",
    "numpy_version": "2.4.6",