{
  "name": "BM3",
  "config": {
    "seed": 3,
    "n_harmonics": 8,
    "interaction_density": 0.45,
    "interaction_strength": 1.3,
    "n_three_way": 12,
    "conflict_rho": 0.85,
    "noise_frac": 0.08,
    "n_strong": 4,
    "weak_ratio": 0.35,
    "cheby_rho": 0.01,
    "owa_k": 2
  },
  "layout": {
    "common_cols": [
      0,
      1,
      2,
      3,
      4,
      5,
      6,
      7,
      8,
      9
    ],
    "set1_cols": [
      10,
      11,
      12,
      13,
      14
    ],
    "set2_cols": [
      15,
      16,
      17,
      18,
      19,
      20,
      21,
      22,
      23,
      24,
      25,
      26,
      27,
      28,
      29
    ],
    "levels": [
      30,
      10,
      5,
      4,
      3,
      3,
      2,
      2,
      2,
      2,
      10,
      6,
      3,
      3,
      2,
      6,
      5,
      4,
      3,
      3,
      2,
      2,
      2,
      2,
      2,
      2,
      2,
      2,
      2,
      2
    ],
    "is_cat": [
      true,
      true,
      false,
      true,
      false,
      false,
      true,
      false,
      false,
      false,
      true,
      true,
      false,
      false,
      false,
      true,
      true,
      true,
      true,
      false,
      false,
      false,
      false,
      false,
      false,
      false,
      false,
      false,
      false,
      false
    ],
    "space_size_log10": 15.013661210092605
  },
  "noise_scale": [
    0.8214006351977048,
    0.8191674332842331,
    0.8142217961320259,
    1.2646911413399213,
    1.279342697230583,
    1.2775371324882872
  ],
  "norm_lo": [
    -39.30544983492522,
    -40.207953650856794,
    -37.552207851879245,
    -60.11473281720311,
    -61.3663953173401,
    -64.51989642749793
  ],
  "norm_hi": [
    59.66351524633454,
    54.36328889153025,
    57.78809673196432,
    99.59178280909366,
    104.32548247906384,
    97.61336367108784
  ],
  "reference_optimum": {
    "equal": {
      "utility": 0.7081799594124134,
      "x": [
        7,
        5,
        2,
        0,
        0,
        1,
        1,
        0,
        1,
        1,
        9,
        4,
        2,
        0,
        0,
        5,
        2,
        0,
        0,
        2,
        0,
        1,
        1,
        1,
        1,
        1,
        0,
        0,
        1,
        1
      ]
    },
    "chebyshev": {
      "utility": -0.3672259378038348,
      "x": [
        7,
        5,
        2,
        1,
        0,
        1,
        1,
        0,
        1,
        1,
        0,
        5,
        2,
        0,
        0,
        5,
        2,
        2,
        1,
        2,
        1,
        1,
        1,
        1,
        1,
        1,
        0,
        0,
        1,
        1
      ]
    },
    "owa": {
      "utility": 0.6382949143720356,
      "x": [
        7,
        5,
        2,
        0,
        0,
        1,
        1,
        0,
        1,
        1,
        0,
        0,
        2,
        0,
        0,
        5,
        2,
        0,
        0,
        2,
        0,
        1,
        1,
        1,
        1,
        1,
        0,
        0,
        1,
        1
      ]
    }
  },
  "difficulty_random_search": {
    "equal": {
      "180": {
        "rs_best_mean": 0.5303315078904103,
        "ref_optimum": 0.7081799594124134
      },
      "780": {
        "rs_best_mean": 0.5420285609182486,
        "ref_optimum": 0.7081799594124134
      },
      "2400": {
        "rs_best_mean": 0.5416819843663871,
        "ref_optimum": 0.7081799594124134
      }
    },
    "chebyshev": {
      "180": {
        "rs_best_mean": -0.609896101322358,
        "ref_optimum": -0.3672259378038348
      },
      "780": {
        "rs_best_mean": -0.5727851115854927,
        "ref_optimum": -0.3672259378038348
      },
      "2400": {
        "rs_best_mean": -0.5747670946224875,
        "ref_optimum": -0.3672259378038348
      }
    },
    "owa": {
      "180": {
        "rs_best_mean": 0.4393828415838102,
        "ref_optimum": 0.6382949143720356
      },
      "780": {
        "rs_best_mean": 0.4620451250672857,
        "ref_optimum": 0.6382949143720356
      },
      "2400": {
        "rs_best_mean": 0.4655975440347289,
        "ref_optimum": 0.6382949143720356
      }
    }
  },
  "difficulty_local_search": {
    "equal": {
      "180": {
        "ls_best_mean": 0.5830223153847341,
        "ref_optimum": 0.7081799594124134
      },
      "780": {
        "ls_best_mean": 0.6479106075203884,
        "ref_optimum": 0.7081799594124134
      },
      "2400": {
        "ls_best_mean": 0.6743248029299266,
        "ref_optimum": 0.7081799594124134
      }
    },
    "chebyshev": {
      "180": {
        "ls_best_mean": -0.5524108399454297,
        "ref_optimum": -0.3672259378038348
      },
      "780": {
        "ls_best_mean": -0.4685697055957087,
        "ref_optimum": -0.3672259378038348
      },
      "2400": {
        "ls_best_mean": -0.4355222089680481,
        "ref_optimum": -0.3672259378038348
      }
    },
    "owa": {
      "180": {
        "ls_best_mean": 0.5107343579710777,
        "ref_optimum": 0.6382949143720356
      },
      "780": {
        "ls_best_mean": 0.544922396142653,
        "ref_optimum": 0.6382949143720356
      },
      "2400": {
        "ls_best_mean": 0.5967402635744127,
        "ref_optimum": 0.6382949143720356
      }
    }
  }
}