{
  "name": "BM3",
  "config": {
    "seed": 3,
    "n_harmonics": 5,
    "interaction_density": 0.3,
    "interaction_strength": 0.9,
    "n_three_way": 6,
    "conflict_rho": 0.85,
    "noise_frac": 0.05,
    "n_strong": 4,
    "weak_ratio": 0.15,
    "cheby_rho": 0.01,
    "owa_k": 2
  },
  "layout": {
    "common_cols": [
      0,
      1,
      2,
      3,
      4,
      5,
      6,
      7,
      8,
      9
    ],
    "set1_cols": [
      10,
      11,
      12,
      13,
      14
    ],
    "set2_cols": [
      15,
      16,
      17,
      18,
      19,
      20,
      21,
      22,
      23,
      24,
      25,
      26,
      27,
      28,
      29
    ],
    "levels": [
      30,
      10,
      5,
      4,
      3,
      3,
      2,
      2,
      2,
      2,
      10,
      6,
      3,
      3,
      2,
      6,
      5,
      4,
      3,
      3,
      2,
      2,
      2,
      2,
      2,
      2,
      2,
      2,
      2,
      2
    ],
    "is_cat": [
      true,
      true,
      false,
      true,
      false,
      false,
      true,
      false,
      false,
      false,
      true,
      true,
      false,
      false,
      false,
      true,
      true,
      true,
      true,
      false,
      false,
      false,
      false,
      false,
      false,
      false,
      false,
      false,
      false,
      false
    ],
    "space_size_log10": 15.013661210092605
  },
  "noise_scale": [
    0.29706607098000715,
    0.29835801141228147,
    0.2933504362045452,
    0.4552565852530359,
    0.4523956361047461,
    0.4525624485433742
  ],
  "norm_lo": [
    -25.74231675166568,
    -23.152604756421216,
    -20.298093430214923,
    -37.560683348182614,
    -38.50945493098979,
    -32.714466378335274
  ],
  "norm_hi": [
    31.49511846694535,
    34.913672845927785,
    32.844413712567885,
    55.14460120882079,
    56.66270748380333,
    50.12397300138439
  ],
  "reference_optimum": {
    "equal": {
      "utility": 0.679553247485909,
      "x": [
        11,
        3,
        4,
        1,
        1,
        1,
        0,
        0,
        1,
        0,
        5,
        3,
        1,
        2,
        1,
        4,
        1,
        1,
        1,
        0,
        0,
        1,
        0,
        1,
        0,
        1,
        1,
        1,
        0,
        1
      ]
    },
    "chebyshev": {
      "utility": -0.38911344625561717,
      "x": [
        0,
        8,
        3,
        3,
        1,
        2,
        0,
        1,
        0,
        0,
        4,
        4,
        1,
        1,
        1,
        4,
        4,
        0,
        0,
        0,
        0,
        1,
        1,
        1,
        1,
        1,
        1,
        0,
        0,
        0
      ]
    },
    "owa": {
      "utility": 0.6106885033990731,
      "x": [
        7,
        5,
        0,
        1,
        2,
        2,
        0,
        1,
        1,
        1,
        6,
        3,
        0,
        2,
        1,
        5,
        0,
        3,
        2,
        0,
        1,
        0,
        0,
        0,
        0,
        0,
        0,
        0,
        0,
        0
      ]
    }
  },
  "difficulty_random_search": {
    "equal": {
      "180": {
        "rs_best_mean": 0.5126859277979744,
        "ref_optimum": 0.679553247485909
      },
      "780": {
        "rs_best_mean": 0.5390681784595047,
        "ref_optimum": 0.679553247485909
      },
      "2400": {
        "rs_best_mean": 0.5376381704735864,
        "ref_optimum": 0.679553247485909
      }
    },
    "chebyshev": {
      "180": {
        "rs_best_mean": -0.5981829169418341,
        "ref_optimum": -0.38911344625561717
      },
      "780": {
        "rs_best_mean": -0.5866253673710105,
        "ref_optimum": -0.38911344625561717
      },
      "2400": {
        "rs_best_mean": -0.5629740034199356,
        "ref_optimum": -0.38911344625561717
      }
    },
    "owa": {
      "180": {
        "rs_best_mean": 0.4401671202585611,
        "ref_optimum": 0.6106885033990731
      },
      "780": {
        "rs_best_mean": 0.45317165977621754,
        "ref_optimum": 0.6106885033990731
      },
      "2400": {
        "rs_best_mean": 0.47230660708423533,
        "ref_optimum": 0.6106885033990731
      }
    }
  }
}