{
  "name": "BM3",
  "config": {
    "seed": 3,
    "n_harmonics": 8,
    "interaction_density": 0.45,
    "interaction_strength": 1.3,
    "n_three_way": 12,
    "conflict_rho": 0.85,
    "noise_frac": 0.08,
    "n_strong": 4,
    "weak_ratio": 0.35,
    "cheby_rho": 0.01,
    "owa_k": 2
  },
  "layout": {
    "common_cols": [
      0,
      1,
      2,
      3,
      4,
      5,
      6,
      7,
      8,
      9
    ],
    "set1_cols": [
      10,
      11,
      12,
      13,
      14
    ],
    "set2_cols": [
      15,
      16,
      17,
      18,
      19,
      20,
      21,
      22,
      23,
      24,
      25,
      26,
      27,
      28,
      29
    ],
    "levels": [
      30,
      10,
      5,
      4,
      3,
      3,
      2,
      2,
      2,
      2,
      10,
      6,
      3,
      3,
      2,
      6,
      5,
      4,
      3,
      3,
      2,
      2,
      2,
      2,
      2,
      2,
      2,
      2,
      2,
      2
    ],
    "is_cat": [
      true,
      true,
      false,
      true,
      false,
      false,
      true,
      false,
      false,
      false,
      true,
      true,
      false,
      false,
      false,
      true,
      true,
      true,
      true,
      false,
      false,
      false,
      false,
      false,
      false,
      false,
      false,
      false,
      false,
      false
    ],
    "space_size_log10": 15.013661210092605
  },
  "noise_scale": [
    0.8214006351977048,
    0.8191674332842331,
    0.8142217961320259,
    1.2646911413399213,
    1.279342697230583,
    1.2775371324882872
  ],
  "y_lo": [
    -39.30544983492522,
    -40.207953650856794,
    -39.18570356048639,
    -60.11473281720311,
    -61.3663953173401,
    -62.74886463412362
  ],
  "y_hi": [
    59.66351524633454,
    54.36328889153025,
    54.79967807743251,
    99.59178280909366,
    104.32548247906384,
    98.26080704797916
  ],
  "reference_optimum": {
    "sum": {
      "utility": 4.658413387378337,
      "x": [
        7,
        5,
        2,
        0,
        0,
        1,
        1,
        0,
        1,
        1,
        9,
        4,
        2,
        0,
        0,
        5,
        2,
        0,
        0,
        2,
        0,
        1,
        1,
        1,
        1,
        1,
        0,
        0,
        1,
        1
      ]
    },
    "chebyshev": {
      "utility": -0.34975135502961513,
      "x": [
        23,
        3,
        4,
        0,
        2,
        2,
        1,
        1,
        0,
        0,
        7,
        3,
        1,
        2,
        1,
        1,
        1,
        3,
        2,
        1,
        1,
        1,
        1,
        0,
        1,
        1,
        1,
        1,
        0,
        0
      ]
    },
    "owa": {
      "utility": 0.6770413628878413,
      "x": [
        13,
        2,
        2,
        3,
        0,
        1,
        0,
        1,
        0,
        0,
        6,
        1,
        1,
        2,
        0,
        1,
        2,
        0,
        1,
        2,
        0,
        0,
        0,
        1,
        1,
        1,
        0,
        0,
        1,
        1
      ]
    }
  },
  "difficulty_random_search": {
    "sum": {
      "180": {
        "rs_best_mean": 3.5867495044517304,
        "ref_optimum": 4.658413387378337
      },
      "780": {
        "rs_best_mean": 3.65668541811108,
        "ref_optimum": 4.658413387378337
      },
      "2400": {
        "rs_best_mean": 3.655608740788422,
        "ref_optimum": 4.658413387378337
      }
    },
    "chebyshev": {
      "180": {
        "rs_best_mean": -0.5558729941967239,
        "ref_optimum": -0.34975135502961513
      },
      "780": {
        "rs_best_mean": -0.533488225151498,
        "ref_optimum": -0.34975135502961513
      },
      "2400": {
        "rs_best_mean": -0.5180617423423268,
        "ref_optimum": -0.34975135502961513
      }
    },
    "owa": {
      "180": {
        "rs_best_mean": 0.490875087466973,
        "ref_optimum": 0.6770413628878413
      },
      "780": {
        "rs_best_mean": 0.5086535088769091,
        "ref_optimum": 0.6770413628878413
      },
      "2400": {
        "rs_best_mean": 0.51650364595573,
        "ref_optimum": 0.6770413628878413
      }
    }
  },
  "difficulty_local_search": {
    "sum": {
      "180": {
        "ls_best_mean": 3.8837439183852105,
        "ref_optimum": 4.658413387378337
      },
      "780": {
        "ls_best_mean": 4.3298220508312015,
        "ref_optimum": 4.658413387378337
      },
      "2400": {
        "ls_best_mean": 4.453591764690826,
        "ref_optimum": 4.658413387378337
      }
    },
    "chebyshev": {
      "180": {
        "ls_best_mean": -0.48606434589479985,
        "ref_optimum": -0.34975135502961513
      },
      "780": {
        "ls_best_mean": -0.39581668080080235,
        "ref_optimum": -0.34975135502961513
      },
      "2400": {
        "ls_best_mean": -0.36529006771663014,
        "ref_optimum": -0.34975135502961513
      }
    },
    "owa": {
      "180": {
        "ls_best_mean": 0.5594720045647841,
        "ref_optimum": 0.6770413628878413
      },
      "780": {
        "ls_best_mean": 0.6245826671253412,
        "ref_optimum": 0.6770413628878413
      },
      "2400": {
        "ls_best_mean": 0.6499524240779178,
        "ref_optimum": 0.6770413628878413
      }
    }
  }
}