{
  "name": "BM4",
  "config": {
    "seed": 4,
    "n_harmonics": 10,
    "interaction_density": 0.65,
    "interaction_strength": 1.0,
    "n_three_way": 40,
    "conflict_rho": 0.7,
    "noise_frac": 0.06,
    "n_strong": 4,
    "weak_ratio": 0.5,
    "cheby_rho": 0.01,
    "owa_k": 2
  },
  "layout": {
    "common_cols": [
      0,
      1,
      2,
      3,
      4,
      5,
      6,
      7,
      8,
      9
    ],
    "set1_cols": [
      10,
      11,
      12,
      13,
      14
    ],
    "set2_cols": [
      15,
      16,
      17,
      18,
      19,
      20,
      21,
      22,
      23,
      24,
      25,
      26,
      27,
      28,
      29
    ],
    "levels": [
      30,
      10,
      5,
      4,
      3,
      3,
      2,
      2,
      2,
      2,
      10,
      6,
      3,
      3,
      2,
      6,
      5,
      4,
      3,
      3,
      2,
      2,
      2,
      2,
      2,
      2,
      2,
      2,
      2,
      2
    ],
    "is_cat": [
      true,
      true,
      false,
      true,
      false,
      false,
      true,
      false,
      false,
      false,
      true,
      true,
      false,
      false,
      false,
      true,
      true,
      true,
      true,
      false,
      false,
      false,
      false,
      false,
      false,
      false,
      false,
      false,
      false,
      false
    ],
    "space_size_log10": 15.013661210092605
  },
  "noise_scale": [
    0.6410870274527519,
    0.6402770879378911,
    0.6348684425369661,
    0.9423065261689207,
    0.9345769240883157,
    0.9437367428725171
  ],
  "y_lo": [
    -44.37630742345302,
    -43.81638072984234,
    -40.402450773394314,
    -56.879020785837064,
    -59.26966048001251,
    -61.28847944684928
  ],
  "y_hi": [
    58.52840061698975,
    61.02186282290688,
    59.196094155215995,
    96.70668779460036,
    94.10329360180702,
    99.77793522332314
  ],
  "reference_optimum": {
    "sum": {
      "utility": 4.664788030913376,
      "x": [
        17,
        4,
        1,
        2,
        2,
        2,
        0,
        0,
        1,
        0,
        9,
        3,
        1,
        1,
        1,
        1,
        4,
        0,
        0,
        2,
        0,
        1,
        0,
        0,
        0,
        1,
        0,
        1,
        1,
        1
      ]
    },
    "chebyshev": {
      "utility": -0.32337369780330616,
      "x": [
        7,
        0,
        2,
        2,
        0,
        2,
        1,
        0,
        1,
        1,
        6,
        1,
        2,
        0,
        0,
        0,
        1,
        2,
        2,
        2,
        0,
        1,
        0,
        1,
        0,
        1,
        0,
        0,
        1,
        0
      ]
    },
    "owa": {
      "utility": 0.7103281823210683,
      "x": [
        9,
        0,
        2,
        2,
        0,
        2,
        1,
        0,
        1,
        1,
        6,
        2,
        2,
        0,
        0,
        0,
        1,
        2,
        2,
        2,
        0,
        1,
        0,
        1,
        0,
        1,
        0,
        1,
        1,
        1
      ]
    }
  },
  "difficulty_random_search": {
    "sum": {
      "180": {
        "rs_best_mean": 3.545493650162007,
        "ref_optimum": 4.664788030913376
      },
      "780": {
        "rs_best_mean": 3.562602201548583,
        "ref_optimum": 4.664788030913376
      },
      "2400": {
        "rs_best_mean": 3.7152063540505873,
        "ref_optimum": 4.664788030913376
      }
    },
    "chebyshev": {
      "180": {
        "rs_best_mean": -0.5364912619607753,
        "ref_optimum": -0.32337369780330616
      },
      "780": {
        "rs_best_mean": -0.5391073649338088,
        "ref_optimum": -0.32337369780330616
      },
      "2400": {
        "rs_best_mean": -0.502917467126784,
        "ref_optimum": -0.32337369780330616
      }
    },
    "owa": {
      "180": {
        "rs_best_mean": 0.4965972660654489,
        "ref_optimum": 0.7103281823210683
      },
      "780": {
        "rs_best_mean": 0.5021598313804306,
        "ref_optimum": 0.7103281823210683
      },
      "2400": {
        "rs_best_mean": 0.5307529428577704,
        "ref_optimum": 0.7103281823210683
      }
    }
  },
  "difficulty_local_search": {
    "sum": {
      "180": {
        "ls_best_mean": 4.130643618544935,
        "ref_optimum": 4.664788030913376
      },
      "780": {
        "ls_best_mean": 4.465332458036613,
        "ref_optimum": 4.664788030913376
      },
      "2400": {
        "ls_best_mean": 4.532646492177401,
        "ref_optimum": 4.664788030913376
      }
    },
    "chebyshev": {
      "180": {
        "ls_best_mean": -0.4293721253194147,
        "ref_optimum": -0.32337369780330616
      },
      "780": {
        "ls_best_mean": -0.38258098242260774,
        "ref_optimum": -0.32337369780330616
      },
      "2400": {
        "ls_best_mean": -0.35150989625673823,
        "ref_optimum": -0.32337369780330616
      }
    },
    "owa": {
      "180": {
        "ls_best_mean": 0.5847521158336789,
        "ref_optimum": 0.7103281823210683
      },
      "780": {
        "ls_best_mean": 0.6350648196310884,
        "ref_optimum": 0.7103281823210683
      },
      "2400": {
        "ls_best_mean": 0.6489303462553279,
        "ref_optimum": 0.7103281823210683
      }
    }
  }
}