{
  "name": "BM4",
  "config": {
    "seed": 4,
    "n_harmonics": 10,
    "interaction_density": 0.65,
    "interaction_strength": 1.0,
    "n_three_way": 40,
    "conflict_rho": 0.7,
    "noise_frac": 0.06,
    "n_strong": 4,
    "weak_ratio": 0.5,
    "cheby_rho": 0.01,
    "owa_k": 2
  },
  "layout": {
    "common_cols": [
      0,
      1,
      2,
      3,
      4,
      5,
      6,
      7,
      8,
      9
    ],
    "set1_cols": [
      10,
      11,
      12,
      13,
      14
    ],
    "set2_cols": [
      15,
      16,
      17,
      18,
      19,
      20,
      21,
      22,
      23,
      24,
      25,
      26,
      27,
      28,
      29
    ],
    "levels": [
      30,
      10,
      5,
      4,
      3,
      3,
      2,
      2,
      2,
      2,
      10,
      6,
      3,
      3,
      2,
      6,
      5,
      4,
      3,
      3,
      2,
      2,
      2,
      2,
      2,
      2,
      2,
      2,
      2,
      2
    ],
    "is_cat": [
      true,
      true,
      false,
      true,
      false,
      false,
      true,
      false,
      false,
      false,
      true,
      true,
      false,
      false,
      false,
      true,
      true,
      true,
      true,
      false,
      false,
      false,
      false,
      false,
      false,
      false,
      false,
      false,
      false,
      false
    ],
    "space_size_log10": 15.013661210092605
  },
  "noise_scale": [
    0.15588457268119896,
    0.15588457268119896,
    0.15588457268119896,
    0.18248287590894657,
    0.18248287590894657,
    0.18248287590894657
  ],
  "main_effect_spread": [
    2.598076211353316,
    2.598076211353316,
    2.598076211353316,
    3.0413812651491097,
    3.0413812651491097,
    3.0413812651491097
  ],
  "total_spread": [
    10.6847837908792,
    10.671284798964852,
    10.581140708949434,
    15.705108769482013,
    15.576282068138596,
    15.728945714541952
  ],
  "y_lo": [
    -44.37630742345302,
    -43.81638072984234,
    -40.402450773394314,
    -56.879020785837064,
    -59.26966048001251,
    -61.28847944684928
  ],
  "y_hi": [
    58.52840061698975,
    61.02186282290688,
    59.196094155215995,
    96.70668779460036,
    94.10329360180702,
    99.77793522332314
  ],
  "reference_optimum": {
    "sum": {
      "utility": 4.664788030913376,
      "x": [
        17,
        4,
        1,
        2,
        2,
        2,
        0,
        0,
        1,
        0,
        9,
        3,
        1,
        1,
        1,
        1,
        4,
        0,
        0,
        2,
        0,
        1,
        0,
        0,
        0,
        1,
        0,
        1,
        1,
        1
      ],
      "winner": "block_coord",
      "by_searcher": {
        "coord_multistart": 4.623734271293209,
        "block_coord": 4.664788030913376,
        "sa": 4.588170210439006,
        "ga": 4.319761934323579
      },
      "searcher_spread": 0.34502609658979644,
      "z_at_optimum": [
        0.6528337585307,
        0.7690295559124786,
        0.983843946465491,
        0.6347575978638043,
        0.727987539942611,
        0.8963356321982905
      ],
      "z_saturated_at_top": [
        false,
        false,
        false,
        false,
        false,
        false
      ]
    },
    "chebyshev": {
      "utility": -0.29644246321970164,
      "x": [
        17,
        0,
        1,
        0,
        0,
        2,
        0,
        0,
        1,
        1,
        8,
        4,
        0,
        0,
        0,
        0,
        3,
        2,
        0,
        2,
        0,
        1,
        0,
        0,
        0,
        0,
        0,
        1,
        1,
        1
      ],
      "winner": "ga",
      "by_searcher": {
        "coord_multistart": -0.32337369780330616,
        "block_coord": -0.3236521868554757,
        "sa": -0.3294899204574655,
        "ga": -0.29644246321970164
      },
      "searcher_spread": 0.033047457237763866,
      "z_at_optimum": [
        0.7231168323998964,
        0.7190835602408779,
        0.7670294395513046,
        0.773008543427299,
        0.7269799722139076,
        0.7381793061087571
      ],
      "z_saturated_at_top": [
        false,
        false,
        false,
        false,
        false,
        false
      ]
    },
    "owa": {
      "utility": 0.7307631111091721,
      "x": [
        24,
        0,
        3,
        0,
        0,
        2,
        0,
        0,
        0,
        1,
        8,
        4,
        0,
        0,
        0,
        0,
        3,
        0,
        0,
        0,
        1,
        1,
        0,
        0,
        0,
        0,
        0,
        1,
        1,
        1
      ],
      "winner": "sa",
      "by_searcher": {
        "coord_multistart": 0.7103281823210683,
        "block_coord": 0.7037003206150809,
        "sa": 0.7307631111091721,
        "ga": 0.6979856666047031
      },
      "searcher_spread": 0.03277744450446907,
      "z_at_optimum": [
        0.7682714293888538,
        0.734371798410831,
        0.7794580629399412,
        0.7271544238075133,
        0.7495598202252108,
        0.7869270972686876
      ],
      "z_saturated_at_top": [
        false,
        false,
        false,
        false,
        false,
        false
      ]
    }
  },
  "difficulty_random_search": {
    "sum": {
      "180": {
        "rs_best_mean": 3.545493650162007,
        "ref_optimum": 4.664788030913376
      },
      "780": {
        "rs_best_mean": 3.562602201548583,
        "ref_optimum": 4.664788030913376
      },
      "2400": {
        "rs_best_mean": 3.7152063540505873,
        "ref_optimum": 4.664788030913376
      }
    },
    "chebyshev": {
      "180": {
        "rs_best_mean": -0.5364912619607753,
        "ref_optimum": -0.29644246321970164
      },
      "780": {
        "rs_best_mean": -0.5391073649338088,
        "ref_optimum": -0.29644246321970164
      },
      "2400": {
        "rs_best_mean": -0.502917467126784,
        "ref_optimum": -0.29644246321970164
      }
    },
    "owa": {
      "180": {
        "rs_best_mean": 0.4965972660654489,
        "ref_optimum": 0.7307631111091721
      },
      "780": {
        "rs_best_mean": 0.5021598313804306,
        "ref_optimum": 0.7307631111091721
      },
      "2400": {
        "rs_best_mean": 0.5307529428577704,
        "ref_optimum": 0.7307631111091721
      }
    }
  },
  "difficulty_local_search": {
    "sum": {
      "180": {
        "ls_best_mean": 4.130643618544935,
        "ref_optimum": 4.664788030913376
      },
      "780": {
        "ls_best_mean": 4.465332458036613,
        "ref_optimum": 4.664788030913376
      },
      "2400": {
        "ls_best_mean": 4.532646492177401,
        "ref_optimum": 4.664788030913376
      }
    },
    "chebyshev": {
      "180": {
        "ls_best_mean": -0.4293721253194147,
        "ref_optimum": -0.29644246321970164
      },
      "780": {
        "ls_best_mean": -0.38258098242260774,
        "ref_optimum": -0.29644246321970164
      },
      "2400": {
        "ls_best_mean": -0.35150989625673823,
        "ref_optimum": -0.29644246321970164
      }
    },
    "owa": {
      "180": {
        "ls_best_mean": 0.5847521158336789,
        "ref_optimum": 0.7307631111091721
      },
      "780": {
        "ls_best_mean": 0.6350648196310884,
        "ref_optimum": 0.7307631111091721
      },
      "2400": {
        "ls_best_mean": 0.6489303462553279,
        "ref_optimum": 0.7307631111091721
      }
    }
  },
  "integrity": {
    "config_sha256": "ae09e5b2f7b85db4d54f6bccc712ed5283f9e07bec8af8458e5f7988c8e6f3a7",
    "numpy_version": "2.4.6",