{
  "budget": 3000,
  "reference_global_opt": {
    "Case1": 68.13786077216932,
    "Case2": 104.01975936103618,
    "Case3": 73.86692349587186,
    "Case4": 113.95397668426297,
    "Case5": 131.51670811045906
  },
  "results": {
    "Case1": {
      "SA": {
        "J": 68.13786077216932,
        "x": {
          "xb01": 0,
          "xb02": 1,
          "xb03": 0,
          "xb04": 0,
          "xb05": 0,
          "xb06": 0,
          "xb07": 1,
          "xb08": 0,
          "xb09": 1,
          "xb10": 1,
          "xb11": 0,
          "xb12": 1,
          "xb13": 0,
          "xb14": 1,
          "xb15": 1,
          "xb16": 1,
          "xb17": 1,
          "xb18": 1,
          "xb19": 1,
          "xb20": 0,
          "xb21": 0,
          "xb22": 1,
          "xb23": 0,
          "xb24": 0,
          "xb25": 0,
          "xb26": 0,
          "xb27": 0,
          "xb28": 0,
          "xb29": 0,
          "xb30": 0,
          "xb31": 1,
          "xb32": 1,
          "xo1": 0,
          "xo2": 0,
          "xo3": 11,
          "xo4": 8,
          "xc1": "A",
          "xc2": "C",
          "xc3": "B",
          "xc4": "B"
        }
      },
      "PSO": {
        "J": 64.57056474515102,
        "x": {
          "xb01": 1,
          "xb02": 1,
          "xb03": 0,
          "xb04": 0,
          "xb05": 0,
          "xb06": 0,
          "xb07": 1,
          "xb08": 0,
          "xb09": 0,
          "xb10": 1,
          "xb11": 0,
          "xb12": 1,
          "xb13": 0,
          "xb14": 1,
          "xb15": 1,
          "xb16": 1,
          "xb17": 1,
          "xb18": 1,
          "xb19": 0,
          "xb20": 0,
          "xb21": 0,
          "xb22": 1,
          "xb23": 0,
          "xb24": 0,
          "xb25": 0,
          "xb26": 0,
          "xb27": 0,
          "xb28": 0,
          "xb29": 0,
          "xb30": 0,
          "xb31": 1,
          "xb32": 1,
          "xo1": 1,
          "xo2": 10,
          "xo3": 11,
          "xo4": 8,
          "xc1": "C",
          "xc2": "C",
          "xc3": "B",
          "xc4": "B"
        }
      },
      "GA": {
        "J": 68.13786077216932,
        "x": {
          "xb01": 0,
          "xb02": 1,
          "xb03": 0,
          "xb04": 0,
          "xb05": 0,
          "xb06": 0,
          "xb07": 1,
          "xb08": 0,
          "xb09": 1,
          "xb10": 1,
          "xb11": 0,
          "xb12": 1,
          "xb13": 0,
          "xb14": 1,
          "xb15": 1,
          "xb16": 1,
          "xb17": 1,
          "xb18": 1,
          "xb19": 1,
          "xb20": 0,
          "xb21": 0,
          "xb22": 1,
          "xb23": 0,
          "xb24": 1,
          "xb25": 0,
          "xb26": 0,
          "xb27": 0,
          "xb28": 0,
          "xb29": 0,
          "xb30": 0,
          "xb31": 1,
          "xb32": 1,
          "xo1": 0,
          "xo2": 11,
          "xo3": 11,
          "xo4": 8,
          "xc1": "A",
          "xc2": "C",
          "xc3": "B",
          "xc4": "B"
        }
      },
      "BO": {
        "J": 68.12121333327659,
        "x": {
          "xb01": 0,
          "xb02": 1,
          "xb03": 0,
          "xb04": 0,
          "xb05": 0,
          "xb06": 0,
          "xb07": 1,
          "xb08": 0,
          "xb09": 1,
          "xb10": 1,
          "xb11": 0,
          "xb12": 1,
          "xb13": 0,
          "xb14": 1,
          "xb15": 1,
          "xb16": 1,
          "xb17": 1,
          "xb18": 1,
          "xb19": 1,
          "xb20": 0,
          "xb21": 0,
          "xb22": 1,
          "xb23": 0,
          "xb24": 1,
          "xb25": 0,
          "xb26": 0,
          "xb27": 0,
          "xb28": 1,
          "xb29": 0,
          "xb30": 0,
          "xb31": 1,
          "xb32": 1,
          "xo1": 0,
          "xo2": 12,
          "xo3": 11,
          "xo4": 8,
          "xc1": "A",
          "xc2": "C",
          "xc3": "B",
          "xc4": "B"
        }
      }
    },
    "Case2": {
      "SA": {
        "J": 104.01975936103618,
        "x": {
          "xb01": 1,
          "xb02": 1,
          "xb03": 1,
          "xb04": 1,
          "xb05": 1,
          "xb06": 1,
          "xb07": 0,
          "xb08": 1,
          "xb09": 1,
          "xb10": 1,
          "xb11": 0,
          "xb12": 0,
          "xb13": 0,
          "xb14": 0,
          "xb15": 1,
          "xb16": 1,
          "xb17": 1,
          "xb18": 1,
          "xb19": 0,
          "xb20": 0,
          "xb21": 0,
          "xb22": 1,
          "xb23": 0,
          "xb24": 1,
          "xb25": 1,
          "xb26": 1,
          "xb27": 0,
          "xb28": 1,
          "xb29": 1,
          "xb30": 0,
          "xb31": 1,
          "xb32": 1,
          "xo1": 11,
          "xo2": 4,
          "xo3": 6,
          "xo4": 6,
          "xc1": "B",
          "xc2": "B",
          "xc3": "B",
          "xc4": "A"
        }
      },
      "PSO": {
        "J": 96.40253964591287,
        "x": {
          "xb01": 1,
          "xb02": 1,
          "xb03": 1,
          "xb04": 1,
          "xb05": 0,
          "xb06": 1,
          "xb07": 0,
          "xb08": 1,
          "xb09": 1,
          "xb10": 1,
          "xb11": 1,
          "xb12": 0,
          "xb13": 0,
          "xb14": 0,
          "xb15": 1,
          "xb16": 1,
          "xb17": 1,
          "xb18": 1,
          "xb19": 0,
          "xb20": 0,
          "xb21": 0,
          "xb22": 1,
          "xb23": 0,
          "xb24": 1,
          "xb25": 0,
          "xb26": 1,
          "xb27": 0,
          "xb28": 1,
          "xb29": 1,
          "xb30": 1,
          "xb31": 1,
          "xb32": 1,
          "xo1": 11,
          "xo2": 3,
          "xo3": 1,
          "xo4": 6,
          "xc1": "A",
          "xc2": "C",
          "xc3": "B",
          "xc4": "A"
        }
      },
      "GA": {
        "J": 104.01975936103618,
        "x": {
          "xb01": 1,
          "xb02": 1,
          "xb03": 1,
          "xb04": 1,
          "xb05": 0,
          "xb06": 1,
          "xb07": 0,
          "xb08": 1,
          "xb09": 1,
          "xb10": 1,
          "xb11": 0,
          "xb12": 0,
          "xb13": 0,
          "xb14": 0,
          "xb15": 1,
          "xb16": 1,
          "xb17": 1,
          "xb18": 1,
          "xb19": 0,
          "xb20": 0,
          "xb21": 0,
          "xb22": 1,
          "xb23": 0,
          "xb24": 1,
          "xb25": 1,
          "xb26": 1,
          "xb27": 0,
          "xb28": 1,
          "xb29": 1,
          "xb30": 0,
          "xb31": 1,
          "xb32": 1,
          "xo1": 11,
          "xo2": 4,
          "xo3": 1,
          "xo4": 6,
          "xc1": "B",
          "xc2": "B",
          "xc3": "B",
          "xc4": "A"
        }
      },
      "BO": {
        "J": 103.87199364398339,
        "x": {
          "xb01": 1,
          "xb02": 1,
          "xb03": 1,
          "xb04": 1,
          "xb05": 1,
          "xb06": 1,
          "xb07": 0,
          "xb08": 1,
          "xb09": 1,
          "xb10": 1,
          "xb11": 0,
          "xb12": 0,
          "xb13": 0,
          "xb14": 0,
          "xb15": 1,
          "xb16": 1,
          "xb17": 1,
          "xb18": 1,
          "xb19": 0,
          "xb20": 0,
          "xb21": 0,
          "xb22": 1,
          "xb23": 0,
          "xb24": 1,
          "xb25": 1,
          "xb26": 1,
          "xb27": 0,
          "xb28": 1,
          "xb29": 1,
          "xb30": 1,
          "xb31": 1,
          "xb32": 1,
          "xo1": 11,
          "xo2": 4,
          "xo3": 0,
          "xo4": 5,
          "xc1": "B",
          "xc2": "B",
          "xc3": "B",
          "xc4": "A"
        }
      }
    },
    "Case3": {
      "SA": {
        "J": 73.86692349587186,
        "x": {
          "xb01": 0,
          "xb02": 1,
          "xb03": 0,
          "xb04": 1,
          "xb05": 0,
          "xb06": 0,
          "xb07": 0,
          "xb08": 1,
          "xb09": 1,
          "xb10": 1,
          "xb11": 1,
          "xb12": 0,
          "xb13": 1,