{
  "reference": {
    "J_linear": 59.19622173436815,
    "J_near_optimal": 68.13786077216932,
    "x_near_optimal": {
      "xb01": 0,
      "xb02": 1,
      "xb03": 0,
      "xb04": 0,
      "xb05": 0,
      "xb06": 0,
      "xb07": 1,
      "xb08": 0,
      "xb09": 1,
      "xb10": 1,
      "xb11": 0,
      "xb12": 1,
      "xb13": 0,
      "xb14": 1,
      "xb15": 1,
      "xb16": 1,
      "xb17": 1,
      "xb18": 1,
      "xb19": 1,
      "xb20": 0,
      "xb21": 0,
      "xb22": 1,
      "xb23": 0,
      "xb24": 0,
      "xb25": 0,
      "xb26": 0,
      "xb27": 0,
      "xb28": 0,
      "xb29": 0,
      "xb30": 0,
      "xb31": 1,
      "xb32": 1,
      "xo1": 0,
      "xo2": 12,
      "xo3": 11,
      "xo4": 8,
      "xc1": "A",
      "xc2": "C",
      "xc3": "B",
      "xc4": "B"
    }
  },
  "algorithms": {
    "SA": {
      "J": 68.13786077216932,
      "x": {
        "xb01": 1,
        "xb02": 1,
        "xb03": 0,
        "xb04": 0,
        "xb05": 0,
        "xb06": 0,
        "xb07": 1,
        "xb08": 0,
        "xb09": 1,
        "xb10": 1,
        "xb11": 0,
        "xb12": 1,
        "xb13": 0,
        "xb14": 1,
        "xb15": 1,
        "xb16": 1,
        "xb17": 1,
        "xb18": 1,
        "xb19": 1,
        "xb20": 0,
        "xb21": 0,
        "xb22": 1,
        "xb23": 0,
        "xb24": 0,
        "xb25": 0,
        "xb26": 0,
        "xb27": 0,
        "xb28": 0,
        "xb29": 0,
        "xb30": 0,
        "xb31": 1,
        "xb32": 1,
        "xo1": 0,
        "xo2": 7,
        "xo3": 11,
        "xo4": 8,
        "xc1": "A",
        "xc2": "C",
        "xc3": "B",
        "xc4": "B"
      },
      "per_response": {
        "y11": 13.258075281291674,
        "y12": 14.93395881067041,
        "y21": 12.566192555208382,
        "y22": 27.379634124998855
      }
    },
    "PSO": {
      "J": 66.02558892948434,
      "x": {
        "xb01": 1,
        "xb02": 1,
        "xb03": 0,
        "xb04": 0,
        "xb05": 0,
        "xb06": 0,
        "xb07": 1,
        "xb08": 0,
        "xb09": 0,
        "xb10": 1,
        "xb11": 0,
        "xb12": 1,
        "xb13": 0,
        "xb14": 1,
        "xb15": 1,
        "xb16": 1,
        "xb17": 1,
        "xb18": 1,
        "xb19": 0,
        "xb20": 0,
        "xb21": 0,
        "xb22": 1,
        "xb23": 0,
        "xb24": 0,
        "xb25": 0,
        "xb26": 0,
        "xb27": 0,
        "xb28": 0,
        "xb29": 0,
        "xb30": 0,
        "xb31": 1,
        "xb32": 1,
        "xo1": 0,
        "xo2": 10,
        "xo3": 11,
        "xo4": 8,
        "xc1": "C",
        "xc2": "C",
        "xc3": "B",
        "xc4": "B"
      },
      "per_response": {
        "y11": 13.428228371259504,
        "y12": 10.24926839371284,
        "y21": 12.222477480950698,
        "y22": 30.1256146835613
      }
    },
    "GA": {
      "J": 68.13786077216932,
      "x": {
        "xb01": 0,
        "xb02": 1,
        "xb03": 0,
        "xb04": 0,
        "xb05": 0,
        "xb06": 0,
        "xb07": 1,
        "xb08": 0,
        "xb09": 1,
        "xb10": 1,
        "xb11": 0,
        "xb12": 1,
        "xb13": 0,
        "xb14": 1,
        "xb15": 1,
        "xb16": 1,
        "xb17": 1,
        "xb18": 1,
        "xb19": 1,
        "xb20": 0,
        "xb21": 0,
        "xb22": 1,
        "xb23": 0,
        "xb24": 1,
        "xb25": 0,
        "xb26": 0,
        "xb27": 0,
        "xb28": 0,
        "xb29": 0,
        "xb30": 0,
        "xb31": 1,
        "xb32": 1,
        "xo1": 0,
        "xo2": 11,
        "xo3": 11,
        "xo4": 8,
        "xc1": "A",
        "xc2": "C",
        "xc3": "B",
        "xc4": "B"
      },
      "per_response": {
        "y11": 13.258075281291674,
        "y12": 14.93395881067041,
        "y21": 12.566192555208382,
        "y22": 27.379634124998855
      }
    }
  }
}